scenario,sku_id,region,week,opening_inv,supply_receipt,gross_avail,demand_fcst,demand_fulfilled,stockout_qty,closing_inv,safety_stock_qty,reorder_qty,fill_rate,inv_cover_wks,inv_value
Upside,SKU-A001,AMER,2024-W01,661.0,0.0,661.0,1216.8,661.0,555.8,0.0,1984.6154,971.0,0.5432,0.0,0.0
Upside,SKU-A001,AMER,2024-W02,0.0,0.0,0.0,1184.4,0.0,1184.4,0.0,1984.6154,738.0,0.0,0.0,0.0
Upside,SKU-A001,AMER,2024-W03,0.0,0.0,0.0,1390.8,0.0,1390.8,0.0,1984.6154,888.0,0.0,0.0,0.0
Upside,SKU-A001,AMER,2024-W04,0.0,0.0,0.0,1526.4,0.0,1526.4,0.0,1984.6154,914.0,0.0,0.0,0.0
Upside,SKU-A001,AMER,2024-W05,0.0,1379.0,1379.0,1502.4,1379.0,123.4,0.0,1984.6154,893.0,0.9179,0.0,0.0
Upside,SKU-A001,AMER,2024-W06,0.0,738.0,738.0,1477.2,738.0,739.2,0.0,1984.6154,867.0,0.4996,0.0,0.0
Upside,SKU-A001,AMER,2024-W07,0.0,888.0,888.0,1602.0,888.0,714.0,0.0,1984.6154,1061.0,0.5543,0.0,0.0
Upside,SKU-A001,AMER,2024-W08,0.0,914.0,914.0,1598.4,914.0,684.4,0.0,1984.6154,902.0,0.5718,0.0,0.0
Upside,SKU-A001,AMER,2024-W09,0.0,893.0,893.0,1791.6,893.0,898.6,0.0,1984.6154,790.0,0.4984,0.0,0.0
Upside,SKU-A001,AMER,2024-W10,0.0,867.0,867.0,1704.0,867.0,837.0,0.0,1984.6154,798.0,0.5088,0.0,0.0
Upside,SKU-A001,AMER,2024-W11,0.0,1061.0,1061.0,1626.0,1061.0,565.0,0.0,1984.6154,925.0,0.6525,0.0,0.0
Upside,SKU-A001,AMER,2024-W12,0.0,902.0,902.0,1456.8,902.0,554.8,0.0,1984.6154,972.0,0.6192,0.0,0.0
Upside,SKU-A001,AMER,2024-W13,0.0,790.0,790.0,1353.6,790.0,563.6,0.0,1984.6154,960.0,0.5836,0.0,0.0
Upside,SKU-A001,AMER,2024-W14,0.0,798.0,798.0,1185.6,798.0,387.6,0.0,1984.6154,1071.0,0.6731,0.0,0.0
Upside,SKU-A001,AMER,2024-W15,0.0,925.0,925.0,1180.8,925.0,255.8,0.0,1984.6154,1018.0,0.7834,0.0,0.0
Upside,SKU-A001,AMER,2024-W16,0.0,972.0,972.0,1254.0,972.0,282.0,0.0,1984.6154,904.0,0.7751,0.0,0.0
Upside,SKU-A001,AMER,2024-W17,0.0,960.0,960.0,1288.8,960.0,328.8,0.0,1984.6154,1037.0,0.7449,0.0,0.0
Upside,SKU-A001,AMER,2024-W18,0.0,1071.0,1071.0,1219.2,1071.0,148.2,0.0,1984.6154,951.0,0.8784,0.0,0.0
Upside,SKU-A001,AMER,2024-W19,0.0,1018.0,1018.0,1354.8,1018.0,336.8,0.0,1984.6154,852.0,0.7514,0.0,0.0
Upside,SKU-A001,AMER,2024-W20,0.0,904.0,904.0,1592.4,904.0,688.4,0.0,1984.6154,824.0,0.5677,0.0,0.0
Upside,SKU-A001,AMER,2024-W21,0.0,1037.0,1037.0,1569.6,1037.0,532.6,0.0,1984.6154,1077.0,0.6607,0.0,0.0
Upside,SKU-A001,AMER,2024-W22,0.0,951.0,951.0,1868.4,951.0,917.4,0.0,1984.6154,836.0,0.509,0.0,0.0
Upside,SKU-A001,AMER,2024-W23,0.0,852.0,852.0,1975.2,852.0,1123.2,0.0,1984.6154,899.0,0.4313,0.0,0.0
Upside,SKU-A001,AMER,2024-W24,0.0,824.0,824.0,1878.0,824.0,1054.0,0.0,1984.6154,1009.0,0.4388,0.0,0.0
Upside,SKU-A001,AMER,2024-W25,0.0,1077.0,1077.0,1581.6,1077.0,504.6,0.0,1984.6154,943.0,0.681,0.0,0.0
Upside,SKU-A001,AMER,2024-W26,0.0,836.0,836.0,1321.2,836.0,485.2,0.0,1984.6154,979.0,0.6328,0.0,0.0
Upside,SKU-A001,APAC,2024-W01,2733.0,0.0,2733.0,778.8,778.8,0.0,1954.2,1247.7692,1003.0,1.0,2.35,322970.63
Upside,SKU-A001,APAC,2024-W02,1954.2,0.0,1954.2,938.4,938.4,0.0,1015.8,1247.7692,1032.0,1.0,1.22,167881.27
Upside,SKU-A001,APAC,2024-W03,1015.8,81.0,1096.8,948.0,948.0,0.0,148.8,1247.7692,1089.0,1.0,0.18,24592.18
Upside,SKU-A001,APAC,2024-W04,148.8,0.0,148.8,907.2,148.8,758.4,0.0,1247.7692,1037.0,0.164,0.0,0.0
Upside,SKU-A001,APAC,2024-W05,0.0,0.0,0.0,973.2,0.0,973.2,0.0,1247.7692,1277.0,0.0,0.0,0.0
Upside,SKU-A001,APAC,2024-W06,0.0,1003.0,1003.0,1113.6,1003.0,110.6,0.0,1247.7692,1011.0,0.9007,0.0,0.0
Upside,SKU-A001,APAC,2024-W07,0.0,1032.0,1032.0,1006.8,1006.8,0.0,25.2,1247.7692,1309.0,1.0,0.03,4164.8
Upside,SKU-A001,APAC,2024-W08,25.2,1089.0,1114.2,1227.6,1114.2,113.4,0.0,1247.7692,1074.0,0.9076,0.0,0.0
Upside,SKU-A001,APAC,2024-W09,0.0,1037.0,1037.0,1172.4,1037.0,135.4,0.0,1247.7692,1257.0,0.8845,0.0,0.0
Upside,SKU-A001,APAC,2024-W10,0.0,1277.0,1277.0,1036.8,1036.8,0.0,240.2,1247.7692,1096.0,1.0,0.29,39697.85
Upside,SKU-A001,APAC,2024-W11,240.2,1011.0,1251.2,921.6,921.6,0.0,329.6,1247.7692,1180.0,1.0,0.4,54472.99
Upside,SKU-A001,APAC,2024-W12,329.6,1309.0,1638.6,1040.4,1040.4,0.0,598.2,1247.7692,910.0,1.0,0.72,98864.51
Upside,SKU-A001,APAC,2024-W13,598.2,1074.0,1672.2,925.2,925.2,0.0,747.0,1247.7692,1050.0,1.0,0.9,123456.69
Upside,SKU-A001,APAC,2024-W14,747.0,1257.0,2004.0,902.4,902.4,0.0,1101.6,1247.7692,910.0,1.0,1.32,182061.43
Upside,SKU-A001,APAC,2024-W15,1101.6,1096.0,2197.6,770.4,770.4,0.0,1427.2,1247.7692,0.0,1.0,1.72,235873.34
Upside,SKU-A001,APAC,2024-W16,1427.2,1180.0,2607.2,769.2,769.2,0.0,1838.0,1247.7692,1312.0,1.0,2.21,303766.26
Upside,SKU-A001,APAC,2024-W17,1838.0,910.0,2748.0,879.6,879.6,0.0,1868.4,1247.7692,905.0,1.0,2.25,308790.47
Upside,SKU-A001,APAC,2024-W18,1868.4,1050.0,2918.4,889.2,889.2,0.0,2029.2,1247.7692,901.0,1.0,2.44,335365.88
Upside,SKU-A001,APAC,2024-W19,2029.2,910.0,2939.2,892.8,892.8,0.0,2046.4,1247.7692,997.0,1.0,2.46,338208.53
Upside,SKU-A001,APAC,2024-W20,2046.4,0.0,2046.4,981.6,981.6,0.0,1064.8,1247.7692,1060.0,1.0,1.28,175979.5
Upside,SKU-A001,APAC,2024-W21,1064.8,1312.0,2376.8,1209.6,1209.6,0.0,1167.2,1247.7692,1163.0,1.0,1.4,192903.14
Upside,SKU-A001,APAC,2024-W22,1167.2,905.0,2072.2,1210.8,1210.8,0.0,861.4,1247.7692,993.0,1.0,1.04,142363.58
Upside,SKU-A001,APAC,2024-W23,861.4,901.0,1762.4,1311.6,1311.6,0.0,450.8,1247.7692,1097.0,1.0,0.54,74503.72
Upside,SKU-A001,APAC,2024-W24,450.8,997.0,1447.8,1136.4,1136.4,0.0,311.4,1247.7692,938.0,1.0,0.37,51465.08
Upside,SKU-A001,APAC,2024-W25,311.4,1060.0,1371.4,1075.2,1075.2,0.0,296.2,1247.7692,1308.0,1.0,0.36,48952.97
Upside,SKU-A001,APAC,2024-W26,296.2,1163.0,1459.2,934.8,934.8,0.0,524.4,1247.7692,1093.0,1.0,0.63,86667.59
Upside,SKU-A001,EMEA,2024-W01,1078.0,0.0,1078.0,1416.0,1078.0,338.0,0.0,4030.6,1171.0,0.7613,0.0,0.0
Upside,SKU-A001,EMEA,2024-W02,0.0,0.0,0.0,1614.0,0.0,1614.0,0.0,4030.6,1288.0,0.0,0.0,0.0
Upside,SKU-A001,EMEA,2024-W03,0.0,694.0,694.0,1792.8,694.0,1098.8,0.0,4030.6,1465.0,0.3871,0.0,0.0
Upside,SKU-A001,EMEA,2024-W04,0.0,1171.0,1171.0,1926.0,1171.0,755.0,0.0,4030.6,1344.0,0.608,0.0,0.0
Upside,SKU-A001,EMEA,2024-W05,0.0,1288.0,1288.0,1754.4,1288.0,466.4,0.0,4030.6,1373.0,0.7342,0.0,0.0
Upside,SKU-A001,EMEA,2024-W06,0.0,1465.0,1465.0,1840.8,1465.0,375.8,0.0,4030.6,1069.0,0.7958,0.0,0.0
Upside,SKU-A001,EMEA,2024-W07,0.0,1344.0,1344.0,2139.6,1344.0,795.6,0.0,4030.6,1142.0,0.6282,0.0,0.0
Upside,SKU-A001,EMEA,2024-W08,0.0,1373.0,1373.0,2196.0,1373.0,823.0,0.0,4030.6,1275.0,0.6252,0.0,0.0
Upside,SKU-A001,EMEA,2024-W09,0.0,1069.0,1069.0,2017.2,1069.0,948.2,0.0,4030.6,1448.0,0.5299,0.0,0.0
Upside,SKU-A001,EMEA,2024-W10,0.0,1142.0,1142.0,2013.6,1142.0,871.6,0.0,4030.6,1273.0,0.5671,0.0,0.0
Upside,SKU-A001,EMEA,2024-W11,0.0,1275.0,1275.0,1873.2,1275.0,598.2,0.0,4030.6,1437.0,0.6807,0.0,0.0
Upside,SKU-A001,EMEA,2024-W12,0.0,1448.0,1448.0,1706.4,1448.0,258.4,0.0,4030.6,1174.0,0.8486,0.0,0.0
Upside,SKU-A001,EMEA,2024-W13,0.0,1273.0,1273.0,1724.4,1273.0,451.4,0.0,4030.6,1454.0,0.7382,0.0,0.0
Upside,SKU-A001,EMEA,2024-W14,0.0,1437.0,1437.0,1759.2,1437.0,322.2,0.0,4030.6,1087.0,0.8168,0.0,0.0
Upside,SKU-A001,EMEA,2024-W15,0.0,1174.0,1174.0,1581.6,1174.0,407.6,0.0,4030.6,1281.0,0.7423,0.0,0.0
Upside,SKU-A001,EMEA,2024-W16,0.0,1454.0,1454.0,1326.0,1326.0,0.0,128.0,4030.6,1399.0,1.0,0.08,8633.6
Upside,SKU-A001,EMEA,2024-W17,128.0,1087.0,1215.0,1644.0,1215.0,429.0,0.0,4030.6,1109.0,0.7391,0.0,0.0
Upside,SKU-A001,EMEA,2024-W18,0.0,1281.0,1281.0,1696.8,1281.0,415.8,0.0,4030.6,1333.0,0.755,0.0,0.0
Upside,SKU-A001,EMEA,2024-W19,0.0,1399.0,1399.0,1892.4,1399.0,493.4,0.0,4030.6,1138.0,0.7393,0.0,0.0
Upside,SKU-A001,EMEA,2024-W20,0.0,1109.0,1109.0,1912.8,1109.0,803.8,0.0,4030.6,1327.0,0.5798,0.0,0.0
Upside,SKU-A001,EMEA,2024-W21,0.0,1333.0,1333.0,2066.4,1333.0,733.4,0.0,4030.6,1387.0,0.6451,0.0,0.0
Upside,SKU-A001,EMEA,2024-W22,0.0,1138.0,1138.0,2091.6,1138.0,953.6,0.0,4030.6,1382.0,0.5441,0.0,0.0
Upside,SKU-A001,EMEA,2024-W23,0.0,1327.0,1327.0,2102.4,1327.0,775.4,0.0,4030.6,1268.0,0.6312,0.0,0.0
Upside,SKU-A001,EMEA,2024-W24,0.0,1387.0,1387.0,2251.2,1387.0,864.2,0.0,4030.6,1009.0,0.6161,0.0,0.0
Upside,SKU-A001,EMEA,2024-W25,0.0,1382.0,1382.0,2062.8,1382.0,680.8,0.0,4030.6,1252.0,0.67,0.0,0.0
Upside,SKU-A001,EMEA,2024-W26,0.0,1268.0,1268.0,1965.6,1268.0,697.6,0.0,4030.6,1315.0,0.6451,0.0,0.0
Upside,SKU-A002,AMER,2024-W01,2642.0,0.0,2642.0,322.8,322.8,0.0,2319.2,616.7692,0.0,1.0,7.52,415275.95
Upside,SKU-A002,AMER,2024-W02,2319.2,0.0,2319.2,344.4,344.4,0.0,1974.8,616.7692,0.0,1.0,6.4,353607.69
Upside,SKU-A002,AMER,2024-W03,1974.8,0.0,1974.8,312.0,312.0,0.0,1662.8,616.7692,0.0,1.0,5.39,297740.97
Upside,SKU-A002,AMER,2024-W04,1662.8,0.0,1662.8,368.4,368.4,0.0,1294.4,616.7692,0.0,1.0,4.2,231775.26
Upside,SKU-A002,AMER,2024-W05,1294.4,766.0,2060.4,378.0,378.0,0.0,1682.4,616.7692,480.0,1.0,5.46,301250.54
Upside,SKU-A002,AMER,2024-W06,1682.4,0.0,1682.4,355.2,355.2,0.0,1327.2,616.7692,360.0,1.0,4.3,237648.43
Upside,SKU-A002,AMER,2024-W07,1327.2,0.0,1327.2,378.0,378.0,0.0,949.2,616.7692,370.0,1.0,3.08,169963.75
Upside,SKU-A002,AMER,2024-W08,949.2,0.0,949.2,451.2,451.2,0.0,498.0,616.7692,460.0,1.0,1.61,89171.88
Upside,SKU-A002,AMER,2024-W09,498.0,480.0,978.0,390.0,390.0,0.0,588.0,616.7692,390.0,1.0,1.91,105287.28
Upside,SKU-A002,AMER,2024-W10,588.0,360.0,948.0,386.4,386.4,0.0,561.6,616.7692,380.0,1.0,1.82,100560.1
Upside,SKU-A002,AMER,2024-W11,561.6,370.0,931.6,374.4,374.4,0.0,557.2,616.7692,380.0,1.0,1.81,99772.23
Upside,SKU-A002,AMER,2024-W12,557.2,460.0,1017.2,384.0,384.0,0.0,633.2,616.7692,380.0,1.0,2.05,113380.79
Upside,SKU-A002,AMER,2024-W13,633.2,390.0,1023.2,367.2,367.2,0.0,656.0,616.7692,370.0,1.0,2.13,117463.36
Upside,SKU-A002,AMER,2024-W14,656.0,380.0,1036.0,300.0,300.0,0.0,736.0,616.7692,0.0,1.0,2.39,131788.16
Upside,SKU-A002,AMER,2024-W15,736.0,380.0,1116.0,273.6,273.6,0.0,842.4,616.7692,570.0,1.0,2.73,150840.14
Upside,SKU-A002,AMER,2024-W16,842.4,380.0,1222.4,279.6,279.6,0.0,942.8,616.7692,0.0,1.0,3.06,168817.77
Upside,SKU-A002,AMER,2024-W17,942.8,370.0,1312.8,330.0,330.0,0.0,982.8,616.7692,610.0,1.0,3.19,175980.17
Upside,SKU-A002,AMER,2024-W18,982.8,0.0,982.8,339.6,339.6,0.0,643.2,616.7692,340.0,1.0,2.09,115171.39
Upside,SKU-A002,AMER,2024-W19,643.2,570.0,1213.2,342.0,342.0,0.0,871.2,616.7692,340.0,1.0,2.83,155997.07
Upside,SKU-A002,AMER,2024-W20,871.2,0.0,871.2,409.2,409.2,0.0,462.0,616.7692,410.0,1.0,1.5,82725.72
Upside,SKU-A002,AMER,2024-W21,462.0,610.0,1072.0,448.8,448.8,0.0,623.2,616.7692,450.0,1.0,2.02,111590.19
Upside,SKU-A002,AMER,2024-W22,623.2,340.0,963.2,472.8,472.8,0.0,490.4,616.7692,470.0,1.0,1.59,87811.02
Upside,SKU-A002,AMER,2024-W23,490.4,340.0,830.4,480.0,480.0,0.0,350.4,616.7692,480.0,1.0,1.14,62742.62
Upside,SKU-A002,AMER,2024-W24,350.4,410.0,760.4,428.4,428.4,0.0,332.0,616.7692,910.0,1.0,1.08,59447.92
Upside,SKU-A002,AMER,2024-W25,332.0,450.0,782.0,368.4,368.4,0.0,413.6,616.7692,1280.0,1.0,1.34,74059.22
Upside,SKU-A002,AMER,2024-W26,413.6,470.0,883.6,337.2,337.2,0.0,546.4,616.7692,1620.0,1.0,1.77,97838.38
Upside,SKU-A002,APAC,2024-W01,1539.0,0.0,1539.0,1174.8,1174.8,0.0,364.2,2828.9,1369.0,1.0,0.33,53497.34
Upside,SKU-A002,APAC,2024-W02,364.2,0.0,364.2,1065.6,364.2,701.4,0.0,2828.9,1276.0,0.3418,0.0,0.0
Upside,SKU-A002,APAC,2024-W03,0.0,0.0,0.0,1212.0,0.0,1212.0,0.0,2828.9,1365.0,0.0,0.0,0.0
Upside,SKU-A002,APAC,2024-W04,0.0,0.0,0.0,1296.0,0.0,1296.0,0.0,2828.9,1292.0,0.0,0.0,0.0
Upside,SKU-A002,APAC,2024-W05,0.0,207.0,207.0,1456.8,207.0,1249.8,0.0,2828.9,1239.0,0.1421,0.0,0.0
Upside,SKU-A002,APAC,2024-W06,0.0,0.0,0.0,1515.6,0.0,1515.6,0.0,2828.9,1251.0,0.0,0.0,0.0
Upside,SKU-A002,APAC,2024-W07,0.0,1369.0,1369.0,1533.6,1369.0,164.6,0.0,2828.9,1425.0,0.8927,0.0,0.0
Upside,SKU-A002,APAC,2024-W08,0.0,1276.0,1276.0,1580.4,1276.0,304.4,0.0,2828.9,1580.0,0.8074,0.0,0.0
Upside,SKU-A002,APAC,2024-W09,0.0,1365.0,1365.0,1521.6,1365.0,156.6,0.0,2828.9,1402.0,0.8971,0.0,0.0
Upside,SKU-A002,APAC,2024-W10,0.0,1292.0,1292.0,1368.0,1292.0,76.0,0.0,2828.9,1381.0,0.9444,0.0,0.0
Upside,SKU-A002,APAC,2024-W11,0.0,1239.0,1239.0,1378.8,1239.0,139.8,0.0,2828.9,1202.0,0.8986,0.0,0.0
Upside,SKU-A002,APAC,2024-W12,0.0,1251.0,1251.0,1237.2,1237.2,0.0,13.8,2828.9,1230.0,1.0,0.01,2027.08
Upside,SKU-A002,APAC,2024-W13,13.8,1425.0,1438.8,1302.0,1302.0,0.0,136.8,2828.9,1321.0,1.0,0.13,20094.55
Upside,SKU-A002,APAC,2024-W14,136.8,1580.0,1716.8,1131.6,1131.6,0.0,585.2,2828.9,1402.0,1.0,0.54,85960.03
Upside,SKU-A002,APAC,2024-W15,585.2,1402.0,1987.2,1024.8,1024.8,0.0,962.4,2828.9,1229.0,1.0,0.88,141366.94
Upside,SKU-A002,APAC,2024-W16,962.4,1381.0,2343.4,926.4,926.4,0.0,1417.0,2828.9,1359.0,1.0,1.3,208143.13
Upside,SKU-A002,APAC,2024-W17,1417.0,1202.0,2619.0,975.6,975.6,0.0,1643.4,2828.9,1488.0,1.0,1.51,241399.03
Upside,SKU-A002,APAC,2024-W18,1643.4,1230.0,2873.4,1154.4,1154.4,0.0,1719.0,2828.9,1343.0,1.0,1.58,252503.91
Upside,SKU-A002,APAC,2024-W19,1719.0,1321.0,3040.0,1291.2,1291.2,0.0,1748.8,2828.9,1107.0,1.0,1.61,256881.23
Upside,SKU-A002,APAC,2024-W20,1748.8,1402.0,3150.8,1258.8,1258.8,0.0,1892.0,2828.9,1259.0,1.0,1.74,277915.88
Upside,SKU-A002,APAC,2024-W21,1892.0,1229.0,3121.0,1586.4,1586.4,0.0,1534.6,2828.9,1319.0,1.0,1.41,225417.39
Upside,SKU-A002,APAC,2024-W22,1534.6,1359.0,2893.6,1446.0,1446.0,0.0,1447.6,2828.9,1231.0,1.0,1.33,212637.96
Upside,SKU-A002,APAC,2024-W23,1447.6,1488.0,2935.6,1507.2,1507.2,0.0,1428.4,2828.9,1462.0,1.0,1.31,209817.68
Upside,SKU-A002,APAC,2024-W24,1428.4,1343.0,2771.4,1380.0,1380.0,0.0,1391.4,2828.9,1300.0,1.0,1.28,204382.75
Upside,SKU-A002,APAC,2024-W25,1391.4,1107.0,2498.4,1348.8,1348.8,0.0,1149.6,2828.9,1401.0,1.0,1.06,168864.74
Upside,SKU-A002,APAC,2024-W26,1149.6,1259.0,2408.6,1273.2,1273.2,0.0,1135.4,2828.9,1286.0,1.0,1.04,166778.91
Upside,SKU-A002,EMEA,2024-W01,1474.0,0.0,1474.0,571.2,571.2,0.0,902.8,1095.0577,1730.0,1.0,1.57,108841.57
Upside,SKU-A002,EMEA,2024-W02,902.8,770.0,1672.8,612.0,612.0,0.0,1060.8,1095.0577,610.0,1.0,1.84,127890.05
Upside,SKU-A002,EMEA,2024-W03,1060.8,0.0,1060.8,669.6,669.6,0.0,391.2,1095.0577,670.0,1.0,0.68,47163.07
Upside,SKU-A002,EMEA,2024-W04,391.2,1730.0,2121.2,726.0,726.0,0.0,1395.2,1095.0577,730.0,1.0,2.42,168205.31
Upside,SKU-A002,EMEA,2024-W05,1395.2,610.0,2005.2,718.8,718.8,0.0,1286.4,1095.0577,720.0,1.0,2.23,155088.38
Upside,SKU-A002,EMEA,2024-W06,1286.4,670.0,1956.4,703.2,703.2,0.0,1253.2,1095.0577,700.0,1.0,2.17,151085.79
Upside,SKU-A002,EMEA,2024-W07,1253.2,730.0,1983.2,771.6,771.6,0.0,1211.6,1095.0577,770.0,1.0,2.1,146070.5
Upside,SKU-A002,EMEA,2024-W08,1211.6,720.0,1931.6,794.4,794.4,0.0,1137.2,1095.0577,800.0,1.0,1.97,137100.83
Upside,SKU-A002,EMEA,2024-W09,1137.2,700.0,1837.2,712.8,712.8,0.0,1124.4,1095.0577,710.0,1.0,1.95,135557.66
Upside,SKU-A002,EMEA,2024-W10,1124.4,770.0,1894.4,765.6,765.6,0.0,1128.8,1095.0577,770.0,1.0,1.96,136088.13
Upside,SKU-A002,EMEA,2024-W11,1128.8,800.0,1928.8,687.6,687.6,0.0,1241.2,1095.0577,680.0,1.0,2.15,149639.07
Upside,SKU-A002,EMEA,2024-W12,1241.2,710.0,1951.2,662.4,662.4,0.0,1288.8,1095.0577,670.0,1.0,2.24,155377.73
Upside,SKU-A002,EMEA,2024-W13,1288.8,770.0,2058.8,687.6,687.6,0.0,1371.2,1095.0577,680.0,1.0,2.38,165311.87
Upside,SKU-A002,EMEA,2024-W14,1371.2,680.0,2051.2,553.2,553.2,0.0,1498.0,1095.0577,0.0,1.0,2.6,180598.88
Upside,SKU-A002,EMEA,2024-W15,1498.0,670.0,2168.0,590.4,590.4,0.0,1577.6,1095.0577,1150.0,1.0,2.74,190195.46
Upside,SKU-A002,EMEA,2024-W16,1577.6,680.0,2257.6,555.6,555.6,0.0,1702.0,1095.0577,0.0,1.0,2.95,205193.12
Upside,SKU-A002,EMEA,2024-W17,1702.0,0.0,1702.0,523.2,523.2,0.0,1178.8,1095.0577,1080.0,1.0,2.05,142116.13
Upside,SKU-A002,EMEA,2024-W18,1178.8,1150.0,2328.8,634.8,634.8,0.0,1694.0,1095.0577,630.0,1.0,2.94,204228.64
Upside,SKU-A002,EMEA,2024-W19,1694.0,0.0,1694.0,715.2,715.2,0.0,978.8,1095.0577,720.0,1.0,1.7,118004.13
Upside,SKU-A002,EMEA,2024-W20,978.8,1080.0,2058.8,684.0,684.0,0.0,1374.8,1095.0577,680.0,1.0,2.39,165745.89
Upside,SKU-A002,EMEA,2024-W21,1374.8,630.0,2004.8,759.6,759.6,0.0,1245.2,1095.0577,760.0,1.0,2.16,150121.31
Upside,SKU-A002,EMEA,2024-W22,1245.2,720.0,1965.2,849.6,849.6,0.0,1115.6,1095.0577,850.0,1.0,1.94,134496.74
Upside,SKU-A002,EMEA,2024-W23,1115.6,680.0,1795.6,813.6,813.6,0.0,982.0,1095.0577,810.0,1.0,1.7,118389.92
Upside,SKU-A002,EMEA,2024-W24,982.0,760.0,1742.0,758.4,758.4,0.0,983.6,1095.0577,760.0,1.0,1.71,118582.82
Upside,SKU-A002,EMEA,2024-W25,983.6,850.0,1833.6,736.8,736.8,0.0,1096.8,1095.0577,1500.0,1.0,1.9,132230.21
Upside,SKU-A002,EMEA,2024-W26,1096.8,810.0,1906.8,724.8,724.8,0.0,1182.0,1095.0577,2220.0,1.0,2.05,142501.92
Upside,SKU-B001,AMER,2024-W01,1846.0,0.0,1846.0,597.6,597.6,0.0,1248.4,1291.1846,1453.0,1.0,2.22,232814.12
Upside,SKU-B001,AMER,2024-W02,1248.4,0.0,1248.4,615.6,615.6,0.0,632.8,1291.1846,1989.0,1.0,1.13,118010.87
Upside,SKU-B001,AMER,2024-W03,632.8,735.0,1367.8,577.2,577.2,0.0,790.6,1291.1846,988.2769,1.0,1.41,147438.99
Upside,SKU-B001,AMER,2024-W04,790.6,0.0,790.6,624.0,624.0,0.0,166.6,1291.1846,624.0,1.0,0.3,31069.23
Upside,SKU-B001,AMER,2024-W05,166.6,0.0,166.6,645.6,166.6,479.0,0.0,1291.1846,0.0,0.2581,0.0,0.0
Upside,SKU-B001,AMER,2024-W06,0.0,0.0,0.0,694.8,0.0,694.8,0.0,1291.1846,0.0,0.0,0.0,0.0
Upside,SKU-B001,AMER,2024-W07,0.0,1453.0,1453.0,778.8,778.8,0.0,674.2,1291.1846,945.4,1.0,1.2,125731.56
Upside,SKU-B001,AMER,2024-W08,674.2,1989.0,2663.2,838.8,838.8,0.0,1824.4,1291.1846,838.8,1.0,3.25,340232.36
Upside,SKU-B001,AMER,2024-W09,1824.4,988.2769,2812.6769,751.2,751.2,0.0,2061.4769,1291.1846,751.2,1.0,3.67,384444.83
Upside,SKU-B001,AMER,2024-W10,2061.4769,624.0,2685.4769,681.6,681.6,0.0,2003.8769,1291.1846,681.6,1.0,3.57,373703.0
Upside,SKU-B001,AMER,2024-W11,2003.8769,0.0,2003.8769,741.6,741.6,0.0,1262.2769,1291.1846,741.6,1.0,2.25,235402.02
Upside,SKU-B001,AMER,2024-W12,1262.2769,0.0,1262.2769,594.0,594.0,0.0,668.2769,1291.1846,594.0,1.0,1.19,124626.96
Upside,SKU-B001,AMER,2024-W13,668.2769,945.4,1613.6769,636.0,636.0,0.0,977.6769,1291.1846,636.0,1.0,1.74,182326.97
Upside,SKU-B001,AMER,2024-W14,977.6769,838.8,1816.4769,626.4,626.4,0.0,1190.0769,1291.1846,626.4,1.0,2.12,221937.44
Upside,SKU-B001,AMER,2024-W15,1190.0769,751.2,1941.2769,504.0,504.0,0.0,1437.2769,1291.1846,0.0,1.0,2.56,268037.77
Upside,SKU-B001,AMER,2024-W16,1437.2769,681.6,2118.8769,505.2,505.2,0.0,1613.6769,1291.1846,1009.2,1.0,2.87,300934.61
Upside,SKU-B001,AMER,2024-W17,1613.6769,741.6,2355.2769,513.6,513.6,0.0,1841.6769,1291.1846,0.0,1.0,3.28,343454.33
Upside,SKU-B001,AMER,2024-W18,1841.6769,594.0,2435.6769,643.2,643.2,0.0,1792.4769,1291.1846,1156.8,1.0,3.19,334279.02
Upside,SKU-B001,AMER,2024-W19,1792.4769,636.0,2428.4769,608.4,608.4,0.0,1820.0769,1291.1846,608.4,1.0,3.24,339426.14
Upside,SKU-B001,AMER,2024-W20,1820.0769,626.4,2446.4769,709.2,709.2,0.0,1737.2769,1291.1846,709.2,1.0,3.09,323984.77
Upside,SKU-B001,AMER,2024-W21,1737.2769,0.0,1737.2769,814.8,814.8,0.0,922.4769,1291.1846,814.8,1.0,1.64,172032.72
Upside,SKU-B001,AMER,2024-W22,922.4769,1009.2,1931.6769,825.6,825.6,0.0,1106.0769,1291.1846,1640.4,1.0,1.97,206272.28
Upside,SKU-B001,AMER,2024-W23,1106.0769,0.0,1106.0769,782.4,782.4,0.0,323.6769,1291.1846,1985.0,1.0,0.58,60362.51
Upside,SKU-B001,AMER,2024-W24,323.6769,1156.8,1480.4769,853.2,853.2,0.0,627.2769,1291.1846,1465.0,1.0,1.12,116980.87
Upside,SKU-B001,AMER,2024-W25,627.2769,608.4,1235.6769,745.2,745.2,0.0,490.4769,1291.1846,1502.0,1.0,0.87,91469.04
Upside,SKU-B001,AMER,2024-W26,490.4769,709.2,1199.6769,607.2,607.2,0.0,592.4769,1291.1846,1620.0,1.0,1.06,110491.02
Upside,SKU-B001,APAC,2024-W01,1692.0,0.0,1692.0,295.2,295.2,0.0,1396.8,562.6923,0.0,1.0,4.96,335162.16
Upside,SKU-B001,APAC,2024-W02,1396.8,0.0,1396.8,272.4,272.4,0.0,1124.4,562.6923,0.0,1.0,4.0,269799.78
Upside,SKU-B001,APAC,2024-W03,1124.4,0.0,1124.4,302.4,302.4,0.0,822.0,562.6923,0.0,1.0,2.92,197238.9
Upside,SKU-B001,APAC,2024-W04,822.0,943.0,1765.0,301.2,301.2,0.0,1463.8,562.6923,0.0,1.0,5.2,351238.81
Upside,SKU-B001,APAC,2024-W05,1463.8,0.0,1463.8,345.6,345.6,0.0,1118.2,562.6923,600.0,1.0,3.97,268312.09
Upside,SKU-B001,APAC,2024-W06,1118.2,0.0,1118.2,394.8,394.8,0.0,723.4,562.6923,400.0,1.0,2.57,173579.83
Upside,SKU-B001,APAC,2024-W07,723.4,0.0,723.4,382.8,382.8,0.0,340.6,562.6923,400.0,1.0,1.21,81726.97
Upside,SKU-B001,APAC,2024-W08,340.6,600.0,940.6,362.4,362.4,0.0,578.2,562.6923,400.0,1.0,2.06,138739.09
Upside,SKU-B001,APAC,2024-W09,578.2,400.0,978.2,381.6,381.6,0.0,596.6,562.6923,300.0,1.0,2.12,143154.17
Upside,SKU-B001,APAC,2024-W10,596.6,400.0,996.6,390.0,390.0,0.0,606.6,562.6923,400.0,1.0,2.16,145553.67
Upside,SKU-B001,APAC,2024-W11,606.6,400.0,1006.6,318.0,318.0,0.0,688.6,562.6923,300.0,1.0,2.45,165229.57
Upside,SKU-B001,APAC,2024-W12,688.6,300.0,988.6,302.4,302.4,0.0,686.2,562.6923,400.0,1.0,2.44,164653.69
Upside,SKU-B001,APAC,2024-W13,686.2,400.0,1086.2,337.2,337.2,0.0,749.0,562.6923,0.0,1.0,2.66,179722.55
Upside,SKU-B001,APAC,2024-W14,749.0,300.0,1049.0,292.8,292.8,0.0,756.2,562.6923,600.0,1.0,2.69,181450.19
Upside,SKU-B001,APAC,2024-W15,756.2,400.0,1156.2,306.0,306.0,0.0,850.2,562.6923,0.0,1.0,3.02,204005.49
Upside,SKU-B001,APAC,2024-W16,850.2,0.0,850.2,268.8,268.8,0.0,581.4,562.6923,600.0,1.0,2.07,139506.93
Upside,SKU-B001,APAC,2024-W17,581.4,600.0,1181.4,285.6,285.6,0.0,895.8,562.6923,0.0,1.0,3.18,214947.21
Upside,SKU-B001,APAC,2024-W18,895.8,0.0,895.8,271.2,271.2,0.0,624.6,562.6923,500.0,1.0,2.22,149872.77
Upside,SKU-B001,APAC,2024-W19,624.6,600.0,1224.6,303.6,303.6,0.0,921.0,562.6923,0.0,1.0,3.27,220993.95
Upside,SKU-B001,APAC,2024-W20,921.0,0.0,921.0,375.6,375.6,0.0,545.4,562.6923,700.0,1.0,1.94,130868.73
Upside,SKU-B001,APAC,2024-W21,545.4,500.0,1045.4,403.2,403.2,0.0,642.2,562.6923,400.0,1.0,2.28,154095.89
Upside,SKU-B001,APAC,2024-W22,642.2,0.0,642.2,398.4,398.4,0.0,243.8,562.6923,400.0,1.0,0.87,58499.81
Upside,SKU-B001,APAC,2024-W23,243.8,700.0,943.8,410.4,410.4,0.0,533.4,562.6923,400.0,1.0,1.9,127989.33
Upside,SKU-B001,APAC,2024-W24,533.4,400.0,933.4,410.4,410.4,0.0,523.0,562.6923,400.0,1.0,1.86,125493.85
Upside,SKU-B001,APAC,2024-W25,523.0,400.0,923.0,350.4,350.4,0.0,572.6,562.6923,800.0,1.0,2.04,137395.37
Upside,SKU-B001,APAC,2024-W26,572.6,400.0,972.6,315.6,315.6,0.0,657.0,562.6923,1100.0,1.0,2.34,157647.15
Upside,SKU-B001,EMEA,2024-W01,2384.0,0.0,2384.0,388.8,388.8,0.0,1995.2,1074.1231,527.6154,1.0,5.2,75278.9
Upside,SKU-B001,EMEA,2024-W02,1995.2,0.0,1995.2,396.0,396.0,0.0,1599.2,1074.1231,396.0,1.0,4.17,60337.82
Upside,SKU-B001,EMEA,2024-W03,1599.2,0.0,1599.2,458.4,458.4,0.0,1140.8,1074.1231,458.4,1.0,2.97,43042.38
Upside,SKU-B001,EMEA,2024-W04,1140.8,0.0,1140.8,482.4,482.4,0.0,658.4,1074.1231,482.4,1.0,1.72,24841.43
Upside,SKU-B001,EMEA,2024-W05,658.4,853.0,1511.4,421.2,421.2,0.0,1090.2,1074.1231,421.2,1.0,2.84,41133.25
Upside,SKU-B001,EMEA,2024-W06,1090.2,527.6154,1617.8154,500.4,500.4,0.0,1117.4154,1074.1231,500.4,1.0,2.91,42160.08
Upside,SKU-B001,EMEA,2024-W07,1117.4154,396.0,1513.4154,517.2,517.2,0.0,996.2154,1074.1231,517.2,1.0,2.6,37587.21
Upside,SKU-B001,EMEA,2024-W08,996.2154,458.4,1454.6154,490.8,490.8,0.0,963.8154,1074.1231,490.8,1.0,2.51,36364.76
Upside,SKU-B001,EMEA,2024-W09,963.8154,482.4,1446.2154,514.8,514.8,0.0,931.4154,1074.1231,514.8,1.0,2.43,35142.3
Upside,SKU-B001,EMEA,2024-W10,931.4154,421.2,1352.6154,489.6,489.6,0.0,863.0154,1074.1231,489.6,1.0,2.25,32561.57
Upside,SKU-B001,EMEA,2024-W11,863.0154,500.4,1363.4154,432.0,432.0,0.0,931.4154,1074.1231,432.0,1.0,2.43,35142.3
Upside,SKU-B001,EMEA,2024-W12,931.4154,517.2,1448.6154,430.8,430.8,0.0,1017.8154,1074.1231,430.8,1.0,2.65,38402.18
Upside,SKU-B001,EMEA,2024-W13,1017.8154,490.8,1508.6154,385.2,385.2,0.0,1123.4154,1074.1231,385.2,1.0,2.93,42386.46
Upside,SKU-B001,EMEA,2024-W14,1123.4154,514.8,1638.2154,379.2,379.2,0.0,1259.0154,1074.1231,0.0,1.0,3.28,47502.65
Upside,SKU-B001,EMEA,2024-W15,1259.0154,489.6,1748.6154,361.2,361.2,0.0,1387.4154,1074.1231,740.4,1.0,3.62,52347.18
Upside,SKU-B001,EMEA,2024-W16,1387.4154,432.0,1819.4154,350.4,350.4,0.0,1469.0154,1074.1231,0.0,1.0,3.83,55425.95
Upside,SKU-B001,EMEA,2024-W17,1469.0154,430.8,1899.8154,380.4,380.4,0.0,1519.4154,1074.1231,730.8,1.0,3.96,57327.54
Upside,SKU-B001,EMEA,2024-W18,1519.4154,385.2,1904.6154,384.0,384.0,0.0,1520.6154,1074.1231,384.0,1.0,3.96,57372.82
Upside,SKU-B001,EMEA,2024-W19,1520.6154,0.0,1520.6154,487.2,487.2,0.0,1033.4154,1074.1231,487.2,1.0,2.69,38990.76
Upside,SKU-B001,EMEA,2024-W20,1033.4154,740.4,1773.8154,518.4,518.4,0.0,1255.4154,1074.1231,518.4,1.0,3.27,47366.82
Upside,SKU-B001,EMEA,2024-W21,1255.4154,0.0,1255.4154,536.4,536.4,0.0,719.0154,1074.1231,536.4,1.0,1.87,27128.45
Upside,SKU-B001,EMEA,2024-W22,719.0154,730.8,1449.8154,573.6,573.6,0.0,876.2154,1074.1231,573.6,1.0,2.28,33059.61
Upside,SKU-B001,EMEA,2024-W23,876.2154,384.0,1260.2154,583.2,583.2,0.0,677.0154,1074.1231,1156.8,1.0,1.76,25543.79
Upside,SKU-B001,EMEA,2024-W24,677.0154,487.2,1164.2154,579.6,579.6,0.0,584.6154,1074.1231,1736.4,1.0,1.52,22057.54
Upside,SKU-B001,EMEA,2024-W25,584.6154,518.4,1103.0154,450.0,450.0,0.0,653.0154,1074.1231,2186.4,1.0,1.7,24638.27
Upside,SKU-B001,EMEA,2024-W26,653.0154,536.4,1189.4154,477.6,477.6,0.0,711.8154,1074.1231,2479.0,1.0,1.86,26856.8
Upside,SKU-B002,AMER,2024-W01,2310.0,0.0,2310.0,1068.0,1068.0,0.0,1242.0,2804.4154,2222.0,1.0,1.24,306190.26
Upside,SKU-B002,AMER,2024-W02,1242.0,0.0,1242.0,936.0,936.0,0.0,306.0,2804.4154,2257.0,1.0,0.31,75438.18
Upside,SKU-B002,AMER,2024-W03,306.0,841.0,1147.0,1110.0,1110.0,0.0,37.0,2804.4154,2119.0,1.0,0.04,9121.61
Upside,SKU-B002,AMER,2024-W04,37.0,2222.0,2259.0,1110.0,1110.0,0.0,1149.0,2804.4154,1300.0,1.0,1.15,283262.97
Upside,SKU-B002,AMER,2024-W05,1149.0,2257.0,3406.0,1272.0,1272.0,0.0,2134.0,2804.4154,1300.0,1.0,2.13,526095.02
Upside,SKU-B002,AMER,2024-W06,2134.0,2119.0,4253.0,1244.4,1244.4,0.0,3008.6,2804.4154,1300.0,1.0,3.0,741710.16
Upside,SKU-B002,AMER,2024-W07,3008.6,1300.0,4308.6,1444.8,1444.8,0.0,2863.8,2804.4154,1400.0,1.0,2.86,706012.61
Upside,SKU-B002,AMER,2024-W08,2863.8,1300.0,4163.8,1269.6,1269.6,0.0,2894.2,2804.4154,1300.0,1.0,2.89,713507.13
Upside,SKU-B002,AMER,2024-W09,2894.2,1300.0,4194.2,1423.2,1423.2,0.0,2771.0,2804.4154,1400.0,1.0,2.77,683134.63
Upside,SKU-B002,AMER,2024-W10,2771.0,1400.0,4171.0,1182.0,1182.0,0.0,2989.0,2804.4154,1200.0,1.0,2.98,736878.17
Upside,SKU-B002,AMER,2024-W11,2989.0,1300.0,4289.0,1093.2,1093.2,0.0,3195.8,2804.4154,1100.0,1.0,3.19,787860.57
Upside,SKU-B002,AMER,2024-W12,3195.8,1400.0,4595.8,1131.6,1131.6,0.0,3464.2,2804.4154,1100.0,1.0,3.46,854029.23
Upside,SKU-B002,AMER,2024-W13,3464.2,1200.0,4664.2,1093.2,1093.2,0.0,3571.0,2804.4154,1100.0,1.0,3.57,880358.63
Upside,SKU-B002,AMER,2024-W14,3571.0,1100.0,4671.0,1094.4,1094.4,0.0,3576.6,2804.4154,1100.0,1.0,3.57,881739.2
Upside,SKU-B002,AMER,2024-W15,3576.6,1100.0,4676.6,1010.4,1010.4,0.0,3666.2,2804.4154,0.0,1.0,3.66,903828.29
Upside,SKU-B002,AMER,2024-W16,3666.2,1100.0,4766.2,997.2,997.2,0.0,3769.0,2804.4154,2000.0,1.0,3.76,929171.57
Upside,SKU-B002,AMER,2024-W17,3769.0,1100.0,4869.0,1020.0,1020.0,0.0,3849.0,2804.4154,0.0,1.0,3.84,948893.97
Upside,SKU-B002,AMER,2024-W18,3849.0,0.0,3849.0,968.4,968.4,0.0,2880.6,2804.4154,2000.0,1.0,2.88,710154.32
Upside,SKU-B002,AMER,2024-W19,2880.6,2000.0,4880.6,1130.4,1130.4,0.0,3750.2,2804.4154,1100.0,1.0,3.74,924536.81
Upside,SKU-B002,AMER,2024-W20,3750.2,0.0,3750.2,1374.0,1374.0,0.0,2376.2,2804.4154,1400.0,1.0,2.37,585804.59
Upside,SKU-B002,AMER,2024-W21,2376.2,2000.0,4376.2,1490.4,1490.4,0.0,2885.8,2804.4154,1500.0,1.0,2.88,711436.27
Upside,SKU-B002,AMER,2024-W22,2885.8,1100.0,3985.8,1467.6,1467.6,0.0,2518.2,2804.4154,1400.0,1.0,2.51,620811.85
Upside,SKU-B002,AMER,2024-W23,2518.2,1400.0,3918.2,1538.4,1538.4,0.0,2379.8,2804.4154,1600.0,1.0,2.38,586692.09
Upside,SKU-B002,AMER,2024-W24,2379.8,1500.0,3879.8,1272.0,1272.0,0.0,2607.8,2804.4154,1300.0,1.0,2.6,642900.93
Upside,SKU-B002,AMER,2024-W25,2607.8,1400.0,4007.8,1360.8,1360.8,0.0,2647.0,2804.4154,1908.0,1.0,2.64,652564.91
Upside,SKU-B002,AMER,2024-W26,2647.0,1600.0,4247.0,1147.2,1147.2,0.0,3099.8,2804.4154,2584.0,1.0,3.09,764193.69
Upside,SKU-B002,APAC,2024-W01,1721.0,0.0,1721.0,244.8,244.8,0.0,1476.2,693.0692,490.0,1.0,5.75,213650.43
Upside,SKU-B002,APAC,2024-W02,1476.2,0.0,1476.2,268.8,268.8,0.0,1207.4,693.0692,270.0,1.0,4.7,174747.0
Upside,SKU-B002,APAC,2024-W03,1207.4,0.0,1207.4,277.2,277.2,0.0,930.2,693.0692,280.0,1.0,3.62,134627.85
Upside,SKU-B002,APAC,2024-W04,930.2,0.0,930.2,268.8,268.8,0.0,661.4,693.0692,260.0,1.0,2.58,95724.42
Upside,SKU-B002,APAC,2024-W05,661.4,273.0,934.4,302.4,302.4,0.0,632.0,693.0692,310.0,1.0,2.46,91469.36
Upside,SKU-B002,APAC,2024-W06,632.0,490.0,1122.0,354.0,354.0,0.0,768.0,693.0692,350.0,1.0,2.99,111152.64
Upside,SKU-B002,APAC,2024-W07,768.0,270.0,1038.0,373.2,373.2,0.0,664.8,693.0692,370.0,1.0,2.59,96216.5
Upside,SKU-B002,APAC,2024-W08,664.8,280.0,944.8,322.8,322.8,0.0,622.0,693.0692,330.0,1.0,2.42,90022.06
Upside,SKU-B002,APAC,2024-W09,622.0,260.0,882.0,331.2,331.2,0.0,550.8,693.0692,330.0,1.0,2.15,79717.28
Upside,SKU-B002,APAC,2024-W10,550.8,310.0,860.8,337.2,337.2,0.0,523.6,693.0692,330.0,1.0,2.04,75780.63
Upside,SKU-B002,APAC,2024-W11,523.6,350.0,873.6,321.6,321.6,0.0,552.0,693.0692,330.0,1.0,2.15,79890.96
Upside,SKU-B002,APAC,2024-W12,552.0,370.0,922.0,288.0,288.0,0.0,634.0,693.0692,280.0,1.0,2.47,91758.82
Upside,SKU-B002,APAC,2024-W13,634.0,330.0,964.0,284.4,284.4,0.0,679.6,693.0692,290.0,1.0,2.65,98358.51
Upside,SKU-B002,APAC,2024-W14,679.6,330.0,1009.6,286.8,286.8,0.0,722.8,693.0692,290.0,1.0,2.82,104610.84
Upside,SKU-B002,APAC,2024-W15,722.8,330.0,1052.8,276.0,276.0,0.0,776.8,693.0692,270.0,1.0,3.03,112426.26
Upside,SKU-B002,APAC,2024-W16,776.8,330.0,1106.8,248.4,248.4,0.0,858.4,693.0692,0.0,1.0,3.34,124236.23
Upside,SKU-B002,APAC,2024-W17,858.4,280.0,1138.4,273.6,273.6,0.0,864.8,693.0692,520.0,1.0,3.37,125162.5
Upside,SKU-B002,APAC,2024-W18,864.8,290.0,1154.8,252.0,252.0,0.0,902.8,693.0692,0.0,1.0,3.52,130662.24
Upside,SKU-B002,APAC,2024-W19,902.8,290.0,1192.8,276.0,276.0,0.0,916.8,693.0692,530.0,1.0,3.57,132688.46
Upside,SKU-B002,APAC,2024-W20,916.8,270.0,1186.8,345.6,345.6,0.0,841.2,693.0692,350.0,1.0,3.28,121746.88
Upside,SKU-B002,APAC,2024-W21,841.2,0.0,841.2,332.4,332.4,0.0,508.8,693.0692,330.0,1.0,1.98,73638.62
Upside,SKU-B002,APAC,2024-W22,508.8,520.0,1028.8,363.6,363.6,0.0,665.2,693.0692,360.0,1.0,2.59,96274.4
Upside,SKU-B002,APAC,2024-W23,665.2,0.0,665.2,360.0,360.0,0.0,305.2,693.0692,720.0,1.0,1.19,44171.6
Upside,SKU-B002,APAC,2024-W24,305.2,530.0,835.2,385.2,385.2,0.0,450.0,693.0692,960.0,1.0,1.75,65128.5
Upside,SKU-B002,APAC,2024-W25,450.0,350.0,800.0,344.4,344.4,0.0,455.6,693.0692,887.0,1.0,1.77,65938.99
Upside,SKU-B002,APAC,2024-W26,455.6,330.0,785.6,290.4,290.4,0.0,495.2,693.0692,1133.0,1.0,1.93,71670.3
Upside,SKU-B002,EMEA,2024-W01,573.0,0.0,573.0,1143.6,573.0,570.6,0.0,1762.8308,1170.0,0.501,0.0,0.0
Upside,SKU-B002,EMEA,2024-W02,0.0,0.0,0.0,1098.0,0.0,1098.0,0.0,1762.8308,1052.0,0.0,0.0,0.0
Upside,SKU-B002,EMEA,2024-W03,0.0,0.0,0.0,1137.6,0.0,1137.6,0.0,1762.8308,855.0,0.0,0.0,0.0
Upside,SKU-B002,EMEA,2024-W04,0.0,0.0,0.0,1336.8,0.0,1336.8,0.0,1762.8308,1165.0,0.0,0.0,0.0
Upside,SKU-B002,EMEA,2024-W05,0.0,1506.0,1506.0,1317.6,1317.6,0.0,188.4,1762.8308,910.0,1.0,0.17,34019.39
Upside,SKU-B002,EMEA,2024-W06,188.4,1052.0,1240.4,1282.8,1240.4,42.4,0.0,1762.8308,1074.0,0.9669,0.0,0.0
Upside,SKU-B002,EMEA,2024-W07,0.0,855.0,855.0,1468.8,855.0,613.8,0.0,1762.8308,959.0,0.5821,0.0,0.0
Upside,SKU-B002,EMEA,2024-W08,0.0,1165.0,1165.0,1449.6,1165.0,284.6,0.0,1762.8308,986.0,0.8037,0.0,0.0
Upside,SKU-B002,EMEA,2024-W09,0.0,910.0,910.0,1602.0,910.0,692.0,0.0,1762.8308,982.0,0.568,0.0,0.0
Upside,SKU-B002,EMEA,2024-W10,0.0,1074.0,1074.0,1371.6,1074.0,297.6,0.0,1762.8308,976.0,0.783,0.0,0.0
Upside,SKU-B002,EMEA,2024-W11,0.0,959.0,959.0,1436.4,959.0,477.4,0.0,1762.8308,852.0,0.6676,0.0,0.0
Upside,SKU-B002,EMEA,2024-W12,0.0,986.0,986.0,1380.0,986.0,394.0,0.0,1762.8308,870.0,0.7145,0.0,0.0
Upside,SKU-B002,EMEA,2024-W13,0.0,982.0,982.0,1153.2,982.0,171.2,0.0,1762.8308,1032.0,0.8515,0.0,0.0
Upside,SKU-B002,EMEA,2024-W14,0.0,976.0,976.0,1194.0,976.0,218.0,0.0,1762.8308,1091.0,0.8174,0.0,0.0
Upside,SKU-B002,EMEA,2024-W15,0.0,852.0,852.0,1070.4,852.0,218.4,0.0,1762.8308,849.0,0.796,0.0,0.0
Upside,SKU-B002,EMEA,2024-W16,0.0,870.0,870.0,982.8,870.0,112.8,0.0,1762.8308,822.0,0.8852,0.0,0.0
Upside,SKU-B002,EMEA,2024-W17,0.0,1032.0,1032.0,998.4,998.4,0.0,33.6,1762.8308,1101.0,1.0,0.03,6067.15
Upside,SKU-B002,EMEA,2024-W18,33.6,1091.0,1124.6,1219.2,1124.6,94.6,0.0,1762.8308,1134.0,0.9224,0.0,0.0
Upside,SKU-B002,EMEA,2024-W19,0.0,849.0,849.0,1246.8,849.0,397.8,0.0,1762.8308,929.0,0.6809,0.0,0.0
Upside,SKU-B002,EMEA,2024-W20,0.0,822.0,822.0,1416.0,822.0,594.0,0.0,1762.8308,1107.0,0.5805,0.0,0.0
Upside,SKU-B002,EMEA,2024-W21,0.0,1101.0,1101.0,1597.2,1101.0,496.2,0.0,1762.8308,900.0,0.6893,0.0,0.0
Upside,SKU-B002,EMEA,2024-W22,0.0,1134.0,1134.0,1717.2,1134.0,583.2,0.0,1762.8308,795.0,0.6604,0.0,0.0
Upside,SKU-B002,EMEA,2024-W23,0.0,929.0,929.0,1614.0,929.0,685.0,0.0,1762.8308,1083.0,0.5756,0.0,0.0
Upside,SKU-B002,EMEA,2024-W24,0.0,1107.0,1107.0,1396.8,1107.0,289.8,0.0,1762.8308,1127.0,0.7925,0.0,0.0
Upside,SKU-B002,EMEA,2024-W25,0.0,900.0,900.0,1520.4,900.0,620.4,0.0,1762.8308,1025.0,0.5919,0.0,0.0
Upside,SKU-B002,EMEA,2024-W26,0.0,795.0,795.0,1224.0,795.0,429.0,0.0,1762.8308,1056.0,0.6495,0.0,0.0
Upside,SKU-C001,AMER,2024-W01,2107.0,0.0,2107.0,1312.8,1312.8,0.0,794.2,2602.3154,1434.0,1.0,0.55,125602.73
Upside,SKU-C001,AMER,2024-W02,794.2,0.0,794.2,1394.4,794.2,600.2,0.0,2602.3154,2037.0,0.5696,0.0,0.0
Upside,SKU-C001,AMER,2024-W03,0.0,0.0,0.0,1576.8,0.0,1576.8,0.0,2602.3154,2067.0,0.0,0.0,0.0
Upside,SKU-C001,AMER,2024-W04,0.0,0.0,0.0,1681.2,0.0,1681.2,0.0,2602.3154,1590.0,0.0,0.0,0.0
Upside,SKU-C001,AMER,2024-W05,0.0,1570.0,1570.0,1776.0,1570.0,206.0,0.0,2602.3154,2049.0,0.884,0.0,0.0
Upside,SKU-C001,AMER,2024-W06,0.0,2037.0,2037.0,1771.2,1771.2,0.0,265.8,2602.3154,1861.0,1.0,0.18,42036.27
Upside,SKU-C001,AMER,2024-W07,265.8,2067.0,2332.8,2019.6,2019.6,0.0,313.2,2602.3154,1699.0,1.0,0.22,49532.58
Upside,SKU-C001,AMER,2024-W08,313.2,1590.0,1903.2,1982.4,1903.2,79.2,0.0,2602.3154,1592.0,0.96,0.0,0.0
Upside,SKU-C001,AMER,2024-W09,0.0,2049.0,2049.0,2043.6,2043.6,0.0,5.4,2602.3154,2075.0,1.0,0.0,854.01
Upside,SKU-C001,AMER,2024-W10,5.4,1861.0,1866.4,1982.4,1866.4,116.0,0.0,2602.3154,1974.0,0.9415,0.0,0.0
Upside,SKU-C001,AMER,2024-W11,0.0,1699.0,1699.0,1729.2,1699.0,30.2,0.0,2602.3154,1457.0,0.9825,0.0,0.0
Upside,SKU-C001,AMER,2024-W12,0.0,1592.0,1592.0,1807.2,1592.0,215.2,0.0,2602.3154,1647.0,0.8809,0.0,0.0
Upside,SKU-C001,AMER,2024-W13,0.0,2075.0,2075.0,1570.8,1570.8,0.0,504.2,2602.3154,1632.0,1.0,0.35,79739.23
Upside,SKU-C001,AMER,2024-W14,504.2,1974.0,2478.2,1401.6,1401.6,0.0,1076.6,2602.3154,1588.0,1.0,0.74,170264.29
Upside,SKU-C001,AMER,2024-W15,1076.6,1457.0,2533.6,1522.8,1522.8,0.0,1010.8,2602.3154,1867.0,1.0,0.7,159858.02
Upside,SKU-C001,AMER,2024-W16,1010.8,1647.0,2657.8,1323.6,1323.6,0.0,1334.2,2602.3154,1399.0,1.0,0.92,211003.73
Upside,SKU-C001,AMER,2024-W17,1334.2,1632.0,2966.2,1491.6,1491.6,0.0,1474.6,2602.3154,1957.0,1.0,1.02,233207.99
Upside,SKU-C001,AMER,2024-W18,1474.6,1588.0,3062.6,1606.8,1606.8,0.0,1455.8,2602.3154,1657.0,1.0,1.01,230234.77
Upside,SKU-C001,AMER,2024-W19,1455.8,1867.0,3322.8,1597.2,1597.2,0.0,1725.6,2602.3154,1389.0,1.0,1.19,272903.64
Upside,SKU-C001,AMER,2024-W20,1725.6,1399.0,3124.6,1940.4,1940.4,0.0,1184.2,2602.3154,1982.0,1.0,0.82,187281.23
Upside,SKU-C001,AMER,2024-W21,1184.2,1957.0,3141.2,1999.2,1999.2,0.0,1142.0,2602.3154,1922.0,1.0,0.79,180607.3
Upside,SKU-C001,AMER,2024-W22,1142.0,1657.0,2799.0,1980.0,1980.0,0.0,819.0,2602.3154,2057.0,1.0,0.57,129524.85
Upside,SKU-C001,AMER,2024-W23,819.0,1389.0,2208.0,2146.8,2146.8,0.0,61.2,2602.3154,2013.0,1.0,0.04,9678.78
Upside,SKU-C001,AMER,2024-W24,61.2,1982.0,2043.2,2091.6,2043.2,48.4,0.0,2602.3154,1899.0,0.9769,0.0,0.0
Upside,SKU-C001,AMER,2024-W25,0.0,1922.0,1922.0,1741.2,1741.2,0.0,180.8,2602.3154,1959.0,1.0,0.13,28593.52
Upside,SKU-C001,AMER,2024-W26,180.8,2057.0,2237.8,1616.4,1616.4,0.0,621.4,2602.3154,2008.0,1.0,0.43,98274.41
Upside,SKU-C001,APAC,2024-W01,2952.0,0.0,2952.0,1050.0,1050.0,0.0,1902.0,2786.3462,1129.0,1.0,1.71,152768.64
Upside,SKU-C001,APAC,2024-W02,1902.0,0.0,1902.0,1197.6,1197.6,0.0,704.4,2786.3462,782.0,1.0,0.63,56577.41
Upside,SKU-C001,APAC,2024-W03,704.4,0.0,704.4,1230.0,704.4,525.6,0.0,2786.3462,832.0,0.5727,0.0,0.0
Upside,SKU-C001,APAC,2024-W04,0.0,0.0,0.0,1201.2,0.0,1201.2,0.0,2786.3462,1113.0,0.0,0.0,0.0
Upside,SKU-C001,APAC,2024-W05,0.0,534.0,534.0,1388.4,534.0,854.4,0.0,2786.3462,1152.0,0.3846,0.0,0.0
Upside,SKU-C001,APAC,2024-W06,0.0,1129.0,1129.0,1374.0,1129.0,245.0,0.0,2786.3462,805.0,0.8217,0.0,0.0
Upside,SKU-C001,APAC,2024-W07,0.0,782.0,782.0,1545.6,782.0,763.6,0.0,2786.3462,1079.0,0.506,0.0,0.0
Upside,SKU-C001,APAC,2024-W08,0.0,832.0,832.0,1436.4,832.0,604.4,0.0,2786.3462,878.0,0.5792,0.0,0.0
Upside,SKU-C001,APAC,2024-W09,0.0,1113.0,1113.0,1492.8,1113.0,379.8,0.0,2786.3462,1017.0,0.7456,0.0,0.0
Upside,SKU-C001,APAC,2024-W10,0.0,1152.0,1152.0,1382.4,1152.0,230.4,0.0,2786.3462,930.0,0.8333,0.0,0.0
Upside,SKU-C001,APAC,2024-W11,0.0,805.0,805.0,1434.0,805.0,629.0,0.0,2786.3462,807.0,0.5614,0.0,0.0
Upside,SKU-C001,APAC,2024-W12,0.0,1079.0,1079.0,1230.0,1079.0,151.0,0.0,2786.3462,903.0,0.8772,0.0,0.0
Upside,SKU-C001,APAC,2024-W13,0.0,878.0,878.0,1146.0,878.0,268.0,0.0,2786.3462,1037.0,0.7661,0.0,0.0
Upside,SKU-C001,APAC,2024-W14,0.0,1017.0,1017.0,1218.0,1017.0,201.0,0.0,2786.3462,983.0,0.835,0.0,0.0
Upside,SKU-C001,APAC,2024-W15,0.0,930.0,930.0,1111.2,930.0,181.2,0.0,2786.3462,1146.0,0.8369,0.0,0.0
Upside,SKU-C001,APAC,2024-W16,0.0,807.0,807.0,987.6,807.0,180.6,0.0,2786.3462,1019.0,0.8171,0.0,0.0
Upside,SKU-C001,APAC,2024-W17,0.0,903.0,903.0,1075.2,903.0,172.2,0.0,2786.3462,1120.0,0.8398,0.0,0.0
Upside,SKU-C001,APAC,2024-W18,0.0,1037.0,1037.0,1192.8,1037.0,155.8,0.0,2786.3462,965.0,0.8694,0.0,0.0
Upside,SKU-C001,APAC,2024-W19,0.0,983.0,983.0,1282.8,983.0,299.8,0.0,2786.3462,985.0,0.7663,0.0,0.0
Upside,SKU-C001,APAC,2024-W20,0.0,1146.0,1146.0,1491.6,1146.0,345.6,0.0,2786.3462,1015.0,0.7683,0.0,0.0
Upside,SKU-C001,APAC,2024-W21,0.0,1019.0,1019.0,1677.6,1019.0,658.6,0.0,2786.3462,867.0,0.6074,0.0,0.0
Upside,SKU-C001,APAC,2024-W22,0.0,1120.0,1120.0,1676.4,1120.0,556.4,0.0,2786.3462,1041.0,0.6681,0.0,0.0
Upside,SKU-C001,APAC,2024-W23,0.0,965.0,965.0,1717.2,965.0,752.2,0.0,2786.3462,887.0,0.562,0.0,0.0
Upside,SKU-C001,APAC,2024-W24,0.0,985.0,985.0,1470.0,985.0,485.0,0.0,2786.3462,864.0,0.6701,0.0,0.0
Upside,SKU-C001,APAC,2024-W25,0.0,1015.0,1015.0,1454.4,1015.0,439.4,0.0,2786.3462,811.0,0.6979,0.0,0.0
Upside,SKU-C001,APAC,2024-W26,0.0,867.0,867.0,1310.4,867.0,443.4,0.0,2786.3462,1155.0,0.6616,0.0,0.0
Upside,SKU-C001,EMEA,2024-W01,1980.0,0.0,1980.0,357.6,357.6,0.0,1622.4,609.6462,356.4,1.0,4.79,165468.58
Upside,SKU-C001,EMEA,2024-W02,1622.4,663.0,2285.4,328.8,328.8,0.0,1956.6,609.6462,0.0,1.0,5.78,199553.63
Upside,SKU-C001,EMEA,2024-W03,1956.6,0.0,1956.6,352.8,352.8,0.0,1603.8,609.6462,681.6,1.0,4.74,163571.56
Upside,SKU-C001,EMEA,2024-W04,1603.8,0.0,1603.8,409.2,409.2,0.0,1194.6,609.6462,409.2,1.0,3.53,121837.25
Upside,SKU-C001,EMEA,2024-W05,1194.6,0.0,1194.6,376.8,376.8,0.0,817.8,609.6462,376.8,1.0,2.41,83407.42
Upside,SKU-C001,EMEA,2024-W06,817.8,356.4,1174.2,385.2,385.2,0.0,789.0,609.6462,385.2,1.0,2.33,80470.11
Upside,SKU-C001,EMEA,2024-W07,789.0,0.0,789.0,486.0,486.0,0.0,303.0,609.6462,486.0,1.0,0.89,30902.97
Upside,SKU-C001,EMEA,2024-W08,303.0,681.6,984.6,472.8,472.8,0.0,511.8,609.6462,472.8,1.0,1.51,52198.48
Upside,SKU-C001,EMEA,2024-W09,511.8,409.2,921.0,466.8,466.8,0.0,454.2,609.6462,466.8,1.0,1.34,46323.86
Upside,SKU-C001,EMEA,2024-W10,454.2,376.8,831.0,420.0,420.0,0.0,411.0,609.6462,420.0,1.0,1.21,41917.89
Upside,SKU-C001,EMEA,2024-W11,411.0,385.2,796.2,436.8,436.8,0.0,359.4,609.6462,436.8,1.0,1.06,36655.21
Upside,SKU-C001,EMEA,2024-W12,359.4,486.0,845.4,391.2,391.2,0.0,454.2,609.6462,391.2,1.0,1.34,46323.86
Upside,SKU-C001,EMEA,2024-W13,454.2,472.8,927.0,382.8,382.8,0.0,544.2,609.6462,382.8,1.0,1.61,55502.96
Upside,SKU-C001,EMEA,2024-W14,544.2,466.8,1011.0,339.6,339.6,0.0,671.4,609.6462,339.6,1.0,1.98,68476.09
Upside,SKU-C001,EMEA,2024-W15,671.4,420.0,1091.4,321.6,321.6,0.0,769.8,609.6462,0.0,1.0,2.27,78511.9
Upside,SKU-C001,EMEA,2024-W16,769.8,436.8,1206.6,286.8,286.8,0.0,919.8,609.6462,608.4,1.0,2.72,93810.4
Upside,SKU-C001,EMEA,2024-W17,919.8,391.2,1311.0,339.6,339.6,0.0,971.4,609.6462,339.6,1.0,2.87,99073.09
Upside,SKU-C001,EMEA,2024-W18,971.4,382.8,1354.2,374.4,374.4,0.0,979.8,609.6462,374.4,1.0,2.89,99929.8
Upside,SKU-C001,EMEA,2024-W19,979.8,339.6,1319.4,414.0,414.0,0.0,905.4,609.6462,414.0,1.0,2.67,92341.75
Upside,SKU-C001,EMEA,2024-W20,905.4,0.0,905.4,457.2,457.2,0.0,448.2,609.6462,457.2,1.0,1.32,45711.92
Upside,SKU-C001,EMEA,2024-W21,448.2,608.4,1056.6,488.4,488.4,0.0,568.2,609.6462,488.4,1.0,1.68,57950.72
Upside,SKU-C001,EMEA,2024-W22,568.2,339.6,907.8,454.8,454.8,0.0,453.0,609.6462,454.8,1.0,1.34,46201.47
Upside,SKU-C001,EMEA,2024-W23,453.0,374.4,827.4,531.6,531.6,0.0,295.8,609.6462,986.4,1.0,0.87,30168.64
Upside,SKU-C001,EMEA,2024-W24,295.8,414.0,709.8,481.2,481.2,0.0,228.6,609.6462,1467.6,1.0,0.67,23314.91
Upside,SKU-C001,EMEA,2024-W25,228.6,457.2,685.8,421.2,421.2,0.0,264.6,609.6462,1888.8,1.0,0.78,26986.55
Upside,SKU-C001,EMEA,2024-W26,264.6,488.4,753.0,390.0,390.0,0.0,363.0,609.6462,1915.0,1.0,1.07,37022.37
