sku_id,region,week,quantity
BYD_ATTO3,BKK,2026-W02,275
BYD_ATTO3,PRO,2026-W02,220
BYD_ATTO3,ONL,2026-W02,55
TESLA_M3,BKK,2026-W02,55
TESLA_M3,PRO,2026-W02,44
TESLA_M3,ONL,2026-W02,11
BYD_ATTO3,BKK,2026-W03,275
BYD_ATTO3,PRO,2026-W03,220
BYD_ATTO3,ONL,2026-W03,55
TESLA_M3,BKK,2026-W03,55
TESLA_M3,PRO,2026-W03,44
TESLA_M3,ONL,2026-W03,11
BYD_ATTO3,BKK,2026-W04,275
BYD_ATTO3,PRO,2026-W04,220
BYD_ATTO3,ONL,2026-W04,55
TESLA_M3,BKK,2026-W04,55
TESLA_M3,PRO,2026-W04,44
TESLA_M3,ONL,2026-W04,11
BYD_ATTO3,BKK,2026-W05,250
BYD_ATTO3,PRO,2026-W05,200
BYD_ATTO3,ONL,2026-W05,50
TESLA_M3,BKK,2026-W05,50
TESLA_M3,PRO,2026-W05,40
TESLA_M3,ONL,2026-W05,10
BYD_ATTO3,BKK,2026-W06,250
BYD_ATTO3,PRO,2026-W06,200
BYD_ATTO3,ONL,2026-W06,50
TESLA_M3,BKK,2026-W06,50
TESLA_M3,PRO,2026-W06,40
TESLA_M3,ONL,2026-W06,10
BYD_ATTO3,BKK,2026-W07,250
BYD_ATTO3,PRO,2026-W07,200
BYD_ATTO3,ONL,2026-W07,50
TESLA_M3,BKK,2026-W07,50
TESLA_M3,PRO,2026-W07,40
TESLA_M3,ONL,2026-W07,10
BYD_ATTO3,BKK,2026-W08,250
BYD_ATTO3,PRO,2026-W08,200
BYD_ATTO3,ONL,2026-W08,50
TESLA_M3,BKK,2026-W08,50
TESLA_M3,PRO,2026-W08,40
TESLA_M3,ONL,2026-W08,10
BYD_ATTO3,BKK,2026-W09,250
BYD_ATTO3,PRO,2026-W09,200
BYD_ATTO3,ONL,2026-W09,50
TESLA_M3,BKK,2026-W09,50
TESLA_M3,PRO,2026-W09,40
TESLA_M3,ONL,2026-W09,10
BYD_ATTO3,BKK,2026-W10,250
BYD_ATTO3,PRO,2026-W10,200
BYD_ATTO3,ONL,2026-W10,50
TESLA_M3,BKK,2026-W10,50
TESLA_M3,PRO,2026-W10,40
TESLA_M3,ONL,2026-W10,10
BYD_ATTO3,BKK,2026-W11,250
BYD_ATTO3,PRO,2026-W11,200
BYD_ATTO3,ONL,2026-W11,50
TESLA_M3,BKK,2026-W11,50
TESLA_M3,PRO,2026-W11,40
TESLA_M3,ONL,2026-W11,10
BYD_ATTO3,BKK,2026-W12,250
BYD_ATTO3,PRO,2026-W12,200
BYD_ATTO3,ONL,2026-W12,50
TESLA_M3,BKK,2026-W12,50
TESLA_M3,PRO,2026-W12,40
TESLA_M3,ONL,2026-W12,10
BYD_ATTO3,BKK,2026-W13,250
BYD_ATTO3,PRO,2026-W13,200
BYD_ATTO3,ONL,2026-W13,50
TESLA_M3,BKK,2026-W13,50
TESLA_M3,PRO,2026-W13,40
TESLA_M3,ONL,2026-W13,10
BYD_ATTO3,BKK,2026-W14,200
BYD_ATTO3,PRO,2026-W14,160
BYD_ATTO3,ONL,2026-W14,40
TESLA_M3,BKK,2026-W14,40
TESLA_M3,PRO,2026-W14,32
TESLA_M3,ONL,2026-W14,8
BYD_ATTO3,BKK,2026-W15,200
BYD_ATTO3,PRO,2026-W15,160
BYD_ATTO3,ONL,2026-W15,40
TESLA_M3,BKK,2026-W15,40
TESLA_M3,PRO,2026-W15,32
TESLA_M3,ONL,2026-W15,8
BYD_ATTO3,BKK,2026-W16,250
BYD_ATTO3,PRO,2026-W16,200
BYD_ATTO3,ONL,2026-W16,50
TESLA_M3,BKK,2026-W16,50
TESLA_M3,PRO,2026-W16,40
TESLA_M3,ONL,2026-W16,10
BYD_ATTO3,BKK,2026-W17,250
BYD_ATTO3,PRO,2026-W17,200
BYD_ATTO3,ONL,2026-W17,50
TESLA_M3,BKK,2026-W17,50
TESLA_M3,PRO,2026-W17,40
TESLA_M3,ONL,2026-W17,10
BYD_ATTO3,BKK,2026-W18,250
BYD_ATTO3,PRO,2026-W18,200
BYD_ATTO3,ONL,2026-W18,50
TESLA_M3,BKK,2026-W18,50
TESLA_M3,PRO,2026-W18,40
TESLA_M3,ONL,2026-W18,10
BYD_ATTO3,BKK,2026-W19,250
BYD_ATTO3,PRO,2026-W19,200
BYD_ATTO3,ONL,2026-W19,50
TESLA_M3,BKK,2026-W19,50
TESLA_M3,PRO,2026-W19,40
TESLA_M3,ONL,2026-W19,10
BYD_ATTO3,BKK,2026-W20,250
BYD_ATTO3,PRO,2026-W20,200
BYD_ATTO3,ONL,2026-W20,50
TESLA_M3,BKK,2026-W20,50
TESLA_M3,PRO,2026-W20,40
TESLA_M3,ONL,2026-W20,10
BYD_ATTO3,BKK,2026-W21,250
BYD_ATTO3,PRO,2026-W21,200
BYD_ATTO3,ONL,2026-W21,50
TESLA_M3,BKK,2026-W21,50
TESLA_M3,PRO,2026-W21,40
TESLA_M3,ONL,2026-W21,10
BYD_ATTO3,BKK,2026-W22,250
BYD_ATTO3,PRO,2026-W22,200
BYD_ATTO3,ONL,2026-W22,50
TESLA_M3,BKK,2026-W22,50
TESLA_M3,PRO,2026-W22,40
TESLA_M3,ONL,2026-W22,10
BYD_ATTO3,BKK,2026-W23,250
BYD_ATTO3,PRO,2026-W23,200
BYD_ATTO3,ONL,2026-W23,50
TESLA_M3,BKK,2026-W23,50
TESLA_M3,PRO,2026-W23,40
TESLA_M3,ONL,2026-W23,10
BYD_ATTO3,BKK,2026-W24,250
BYD_ATTO3,PRO,2026-W24,200
BYD_ATTO3,ONL,2026-W24,50
TESLA_M3,BKK,2026-W24,50
TESLA_M3,PRO,2026-W24,40
TESLA_M3,ONL,2026-W24,10
BYD_ATTO3,BKK,2026-W25,250
BYD_ATTO3,PRO,2026-W25,200
BYD_ATTO3,ONL,2026-W25,50
TESLA_M3,BKK,2026-W25,50
TESLA_M3,PRO,2026-W25,40
TESLA_M3,ONL,2026-W25,10
BYD_ATTO3,BKK,2026-W26,250
BYD_ATTO3,PRO,2026-W26,200
BYD_ATTO3,ONL,2026-W26,50
TESLA_M3,BKK,2026-W26,50
TESLA_M3,PRO,2026-W26,40
TESLA_M3,ONL,2026-W26,10
BYD_ATTO3,BKK,2026-W27,250
BYD_ATTO3,PRO,2026-W27,200
BYD_ATTO3,ONL,2026-W27,50
TESLA_M3,BKK,2026-W27,50
TESLA_M3,PRO,2026-W27,40
TESLA_M3,ONL,2026-W27,10
BYD_ATTO3,BKK,2026-W28,250
BYD_ATTO3,PRO,2026-W28,200
BYD_ATTO3,ONL,2026-W28,50
TESLA_M3,BKK,2026-W28,50
TESLA_M3,PRO,2026-W28,40
TESLA_M3,ONL,2026-W28,10
BYD_ATTO3,BKK,2026-W29,250
BYD_ATTO3,PRO,2026-W29,200
BYD_ATTO3,ONL,2026-W29,50
TESLA_M3,BKK,2026-W29,50
TESLA_M3,PRO,2026-W29,40
TESLA_M3,ONL,2026-W29,10
BYD_ATTO3,BKK,2026-W30,250
BYD_ATTO3,PRO,2026-W30,200
BYD_ATTO3,ONL,2026-W30,50
TESLA_M3,BKK,2026-W30,50
TESLA_M3,PRO,2026-W30,40
TESLA_M3,ONL,2026-W30,10
BYD_ATTO3,BKK,2026-W31,250
BYD_ATTO3,PRO,2026-W31,200
BYD_ATTO3,ONL,2026-W31,50
TESLA_M3,BKK,2026-W31,50
TESLA_M3,PRO,2026-W31,40
TESLA_M3,ONL,2026-W31,10
BYD_ATTO3,BKK,2026-W32,250
BYD_ATTO3,PRO,2026-W32,200
BYD_ATTO3,ONL,2026-W32,50
TESLA_M3,BKK,2026-W32,50
TESLA_M3,PRO,2026-W32,40
TESLA_M3,ONL,2026-W32,10
BYD_ATTO3,BKK,2026-W33,250
BYD_ATTO3,PRO,2026-W33,200
BYD_ATTO3,ONL,2026-W33,50
TESLA_M3,BKK,2026-W33,50
TESLA_M3,PRO,2026-W33,40
TESLA_M3,ONL,2026-W33,10
BYD_ATTO3,BKK,2026-W34,250
BYD_ATTO3,PRO,2026-W34,200
BYD_ATTO3,ONL,2026-W34,50
TESLA_M3,BKK,2026-W34,50
TESLA_M3,PRO,2026-W34,40
TESLA_M3,ONL,2026-W34,10
BYD_ATTO3,BKK,2026-W35,250
BYD_ATTO3,PRO,2026-W35,200
BYD_ATTO3,ONL,2026-W35,50
TESLA_M3,BKK,2026-W35,50
TESLA_M3,PRO,2026-W35,40
TESLA_M3,ONL,2026-W35,10
BYD_ATTO3,BKK,2026-W36,250
BYD_ATTO3,PRO,2026-W36,200
BYD_ATTO3,ONL,2026-W36,50
TESLA_M3,BKK,2026-W36,50
TESLA_M3,PRO,2026-W36,40
TESLA_M3,ONL,2026-W36,10
BYD_ATTO3,BKK,2026-W37,250
BYD_ATTO3,PRO,2026-W37,200
BYD_ATTO3,ONL,2026-W37,50
TESLA_M3,BKK,2026-W37,50
TESLA_M3,PRO,2026-W37,40
TESLA_M3,ONL,2026-W37,10
BYD_ATTO3,BKK,2026-W38,250
BYD_ATTO3,PRO,2026-W38,200
BYD_ATTO3,ONL,2026-W38,50
TESLA_M3,BKK,2026-W38,50
TESLA_M3,PRO,2026-W38,40
TESLA_M3,ONL,2026-W38,10
BYD_ATTO3,BKK,2026-W39,250
BYD_ATTO3,PRO,2026-W39,200
BYD_ATTO3,ONL,2026-W39,50
TESLA_M3,BKK,2026-W39,50
TESLA_M3,PRO,2026-W39,40
TESLA_M3,ONL,2026-W39,10
BYD_ATTO3,BKK,2026-W40,250
BYD_ATTO3,PRO,2026-W40,200
BYD_ATTO3,ONL,2026-W40,50
TESLA_M3,BKK,2026-W40,50
TESLA_M3,PRO,2026-W40,40
TESLA_M3,ONL,2026-W40,10
BYD_ATTO3,BKK,2026-W41,250
BYD_ATTO3,PRO,2026-W41,200
BYD_ATTO3,ONL,2026-W41,50
TESLA_M3,BKK,2026-W41,50
TESLA_M3,PRO,2026-W41,40
TESLA_M3,ONL,2026-W41,10
BYD_ATTO3,BKK,2026-W42,250
BYD_ATTO3,PRO,2026-W42,200
BYD_ATTO3,ONL,2026-W42,50
TESLA_M3,BKK,2026-W42,50
TESLA_M3,PRO,2026-W42,40
TESLA_M3,ONL,2026-W42,10
BYD_ATTO3,BKK,2026-W43,250
BYD_ATTO3,PRO,2026-W43,200
BYD_ATTO3,ONL,2026-W43,50
TESLA_M3,BKK,2026-W43,50
TESLA_M3,PRO,2026-W43,40
TESLA_M3,ONL,2026-W43,10
BYD_ATTO3,BKK,2026-W44,250
BYD_ATTO3,PRO,2026-W44,200
BYD_ATTO3,ONL,2026-W44,50
TESLA_M3,BKK,2026-W44,50
TESLA_M3,PRO,2026-W44,40
TESLA_M3,ONL,2026-W44,10
BYD_ATTO3,BKK,2026-W45,250
BYD_ATTO3,PRO,2026-W45,200
BYD_ATTO3,ONL,2026-W45,50
TESLA_M3,BKK,2026-W45,50
TESLA_M3,PRO,2026-W45,40
TESLA_M3,ONL,2026-W45,10
BYD_ATTO3,BKK,2026-W46,250
BYD_ATTO3,PRO,2026-W46,200
BYD_ATTO3,ONL,2026-W46,50
TESLA_M3,BKK,2026-W46,50
TESLA_M3,PRO,2026-W46,40
TESLA_M3,ONL,2026-W46,10
BYD_ATTO3,BKK,2026-W47,250
BYD_ATTO3,PRO,2026-W47,200
BYD_ATTO3,ONL,2026-W47,50
TESLA_M3,BKK,2026-W47,50
TESLA_M3,PRO,2026-W47,40
TESLA_M3,ONL,2026-W47,10
BYD_ATTO3,BKK,2026-W48,288
BYD_ATTO3,PRO,2026-W48,230
BYD_ATTO3,ONL,2026-W48,57
TESLA_M3,BKK,2026-W48,57
TESLA_M3,PRO,2026-W48,46
TESLA_M3,ONL,2026-W48,12
BYD_ATTO3,BKK,2026-W49,288
BYD_ATTO3,PRO,2026-W49,230
BYD_ATTO3,ONL,2026-W49,57
TESLA_M3,BKK,2026-W49,57
TESLA_M3,PRO,2026-W49,46
TESLA_M3,ONL,2026-W49,12
BYD_ATTO3,BKK,2026-W50,288
BYD_ATTO3,PRO,2026-W50,230
BYD_ATTO3,ONL,2026-W50,57
TESLA_M3,BKK,2026-W50,57
TESLA_M3,PRO,2026-W50,46
TESLA_M3,ONL,2026-W50,12
BYD_ATTO3,BKK,2026-W51,288
BYD_ATTO3,PRO,2026-W51,230
BYD_ATTO3,ONL,2026-W51,57
TESLA_M3,BKK,2026-W51,57
TESLA_M3,PRO,2026-W51,46
TESLA_M3,ONL,2026-W51,12
BYD_ATTO3,BKK,2026-W52,288
BYD_ATTO3,PRO,2026-W52,230
BYD_ATTO3,ONL,2026-W52,57
TESLA_M3,BKK,2026-W52,57
TESLA_M3,PRO,2026-W52,46
TESLA_M3,ONL,2026-W52,12
BYD_ATTO3,BKK,2026-W53,250
BYD_ATTO3,PRO,2026-W53,200
BYD_ATTO3,ONL,2026-W53,50
TESLA_M3,BKK,2026-W53,50
TESLA_M3,PRO,2026-W53,40
TESLA_M3,ONL,2026-W53,10
BYD_ATTO3,BKK,2027-W01,275
BYD_ATTO3,PRO,2027-W01,220
BYD_ATTO3,ONL,2027-W01,55
TESLA_M3,BKK,2027-W01,55
TESLA_M3,PRO,2027-W01,44
TESLA_M3,ONL,2027-W01,11
BYD_ATTO3,BKK,2027-W02,275
BYD_ATTO3,PRO,2027-W02,220
BYD_ATTO3,ONL,2027-W02,55
TESLA_M3,BKK,2027-W02,55
TESLA_M3,PRO,2027-W02,44
TESLA_M3,ONL,2027-W02,11
BYD_ATTO3,BKK,2027-W03,275
BYD_ATTO3,PRO,2027-W03,220
BYD_ATTO3,ONL,2027-W03,55
TESLA_M3,BKK,2027-W03,55
TESLA_M3,PRO,2027-W03,44
TESLA_M3,ONL,2027-W03,11
BYD_ATTO3,BKK,2027-W04,275
BYD_ATTO3,PRO,2027-W04,220
BYD_ATTO3,ONL,2027-W04,55
TESLA_M3,BKK,2027-W04,55
TESLA_M3,PRO,2027-W04,44
TESLA_M3,ONL,2027-W04,11
BYD_ATTO3,BKK,2027-W05,250
BYD_ATTO3,PRO,2027-W05,200
BYD_ATTO3,ONL,2027-W05,50
TESLA_M3,BKK,2027-W05,50
TESLA_M3,PRO,2027-W05,40
TESLA_M3,ONL,2027-W05,10
BYD_ATTO3,BKK,2027-W06,250
BYD_ATTO3,PRO,2027-W06,200
BYD_ATTO3,ONL,2027-W06,50
TESLA_M3,BKK,2027-W06,50
TESLA_M3,PRO,2027-W06,40
TESLA_M3,ONL,2027-W06,10
BYD_ATTO3,BKK,2027-W07,250
BYD_ATTO3,PRO,2027-W07,200
BYD_ATTO3,ONL,2027-W07,50
TESLA_M3,BKK,2027-W07,50
TESLA_M3,PRO,2027-W07,40
TESLA_M3,ONL,2027-W07,10
BYD_ATTO3,BKK,2027-W08,250
BYD_ATTO3,PRO,2027-W08,200
BYD_ATTO3,ONL,2027-W08,50
TESLA_M3,BKK,2027-W08,50
TESLA_M3,PRO,2027-W08,40
TESLA_M3,ONL,2027-W08,10
BYD_ATTO3,BKK,2027-W09,250
BYD_ATTO3,PRO,2027-W09,200
BYD_ATTO3,ONL,2027-W09,50
TESLA_M3,BKK,2027-W09,50
TESLA_M3,PRO,2027-W09,40
TESLA_M3,ONL,2027-W09,10
BYD_ATTO3,BKK,2027-W10,250
BYD_ATTO3,PRO,2027-W10,200
BYD_ATTO3,ONL,2027-W10,50
TESLA_M3,BKK,2027-W10,50
TESLA_M3,PRO,2027-W10,40
TESLA_M3,ONL,2027-W10,10
BYD_ATTO3,BKK,2027-W11,250
BYD_ATTO3,PRO,2027-W11,200
BYD_ATTO3,ONL,2027-W11,50
TESLA_M3,BKK,2027-W11,50
TESLA_M3,PRO,2027-W11,40
TESLA_M3,ONL,2027-W11,10
BYD_ATTO3,BKK,2027-W12,250
BYD_ATTO3,PRO,2027-W12,200
BYD_ATTO3,ONL,2027-W12,50
TESLA_M3,BKK,2027-W12,50
TESLA_M3,PRO,2027-W12,40
TESLA_M3,ONL,2027-W12,10
BYD_ATTO3,BKK,2027-W13,250
BYD_ATTO3,PRO,2027-W13,200
BYD_ATTO3,ONL,2027-W13,50
TESLA_M3,BKK,2027-W13,50
TESLA_M3,PRO,2027-W13,40
TESLA_M3,ONL,2027-W13,10
BYD_ATTO3,BKK,2027-W14,200
BYD_ATTO3,PRO,2027-W14,160
BYD_ATTO3,ONL,2027-W14,40
TESLA_M3,BKK,2027-W14,40
TESLA_M3,PRO,2027-W14,32
TESLA_M3,ONL,2027-W14,8
BYD_ATTO3,BKK,2027-W15,200
BYD_ATTO3,PRO,2027-W15,160
BYD_ATTO3,ONL,2027-W15,40
TESLA_M3,BKK,2027-W15,40
TESLA_M3,PRO,2027-W15,32
TESLA_M3,ONL,2027-W15,8
BYD_ATTO3,BKK,2027-W16,250
BYD_ATTO3,PRO,2027-W16,200
BYD_ATTO3,ONL,2027-W16,50
TESLA_M3,BKK,2027-W16,50
TESLA_M3,PRO,2027-W16,40
TESLA_M3,ONL,2027-W16,10
BYD_ATTO3,BKK,2027-W17,250
BYD_ATTO3,PRO,2027-W17,200
BYD_ATTO3,ONL,2027-W17,50
TESLA_M3,BKK,2027-W17,50
TESLA_M3,PRO,2027-W17,40
TESLA_M3,ONL,2027-W17,10
BYD_ATTO3,BKK,2027-W18,250
BYD_ATTO3,PRO,2027-W18,200
BYD_ATTO3,ONL,2027-W18,50
TESLA_M3,BKK,2027-W18,50
TESLA_M3,PRO,2027-W18,40
TESLA_M3,ONL,2027-W18,10
BYD_ATTO3,BKK,2027-W19,250
BYD_ATTO3,PRO,2027-W19,200
BYD_ATTO3,ONL,2027-W19,50
TESLA_M3,BKK,2027-W19,50
TESLA_M3,PRO,2027-W19,40
TESLA_M3,ONL,2027-W19,10
BYD_ATTO3,BKK,2027-W20,250
BYD_ATTO3,PRO,2027-W20,200
BYD_ATTO3,ONL,2027-W20,50
TESLA_M3,BKK,2027-W20,50
TESLA_M3,PRO,2027-W20,40
TESLA_M3,ONL,2027-W20,10
BYD_ATTO3,BKK,2027-W21,250
BYD_ATTO3,PRO,2027-W21,200
BYD_ATTO3,ONL,2027-W21,50
TESLA_M3,BKK,2027-W21,50
TESLA_M3,PRO,2027-W21,40
TESLA_M3,ONL,2027-W21,10
BYD_ATTO3,BKK,2027-W22,250
BYD_ATTO3,PRO,2027-W22,200
BYD_ATTO3,ONL,2027-W22,50
TESLA_M3,BKK,2027-W22,50
TESLA_M3,PRO,2027-W22,40
TESLA_M3,ONL,2027-W22,10
BYD_ATTO3,BKK,2027-W23,250
BYD_ATTO3,PRO,2027-W23,200
BYD_ATTO3,ONL,2027-W23,50
TESLA_M3,BKK,2027-W23,50
TESLA_M3,PRO,2027-W23,40
TESLA_M3,ONL,2027-W23,10
BYD_ATTO3,BKK,2027-W24,250
BYD_ATTO3,PRO,2027-W24,200
BYD_ATTO3,ONL,2027-W24,50
TESLA_M3,BKK,2027-W24,50
TESLA_M3,PRO,2027-W24,40
TESLA_M3,ONL,2027-W24,10
BYD_ATTO3,BKK,2027-W25,250
BYD_ATTO3,PRO,2027-W25,200
BYD_ATTO3,ONL,2027-W25,50
TESLA_M3,BKK,2027-W25,50
TESLA_M3,PRO,2027-W25,40
TESLA_M3,ONL,2027-W25,10
BYD_ATTO3,BKK,2027-W26,250
BYD_ATTO3,PRO,2027-W26,200
BYD_ATTO3,ONL,2027-W26,50
TESLA_M3,BKK,2027-W26,50
TESLA_M3,PRO,2027-W26,40
TESLA_M3,ONL,2027-W26,10
BYD_ATTO3,BKK,2027-W27,250
BYD_ATTO3,PRO,2027-W27,200
BYD_ATTO3,ONL,2027-W27,50
TESLA_M3,BKK,2027-W27,50
TESLA_M3,PRO,2027-W27,40
TESLA_M3,ONL,2027-W27,10
BYD_ATTO3,BKK,2027-W28,250
BYD_ATTO3,PRO,2027-W28,200
BYD_ATTO3,ONL,2027-W28,50
TESLA_M3,BKK,2027-W28,50
TESLA_M3,PRO,2027-W28,40
TESLA_M3,ONL,2027-W28,10
BYD_ATTO3,BKK,2027-W29,250
BYD_ATTO3,PRO,2027-W29,200
BYD_ATTO3,ONL,2027-W29,50
TESLA_M3,BKK,2027-W29,50
TESLA_M3,PRO,2027-W29,40
TESLA_M3,ONL,2027-W29,10
BYD_ATTO3,BKK,2027-W30,250
BYD_ATTO3,PRO,2027-W30,200
BYD_ATTO3,ONL,2027-W30,50
TESLA_M3,BKK,2027-W30,50
TESLA_M3,PRO,2027-W30,40
TESLA_M3,ONL,2027-W30,10
BYD_ATTO3,BKK,2027-W31,250
BYD_ATTO3,PRO,2027-W31,200
BYD_ATTO3,ONL,2027-W31,50
TESLA_M3,BKK,2027-W31,50
TESLA_M3,PRO,2027-W31,40
TESLA_M3,ONL,2027-W31,10
BYD_ATTO3,BKK,2027-W32,250
BYD_ATTO3,PRO,2027-W32,200
BYD_ATTO3,ONL,2027-W32,50
TESLA_M3,BKK,2027-W32,50
TESLA_M3,PRO,2027-W32,40
TESLA_M3,ONL,2027-W32,10
BYD_ATTO3,BKK,2027-W33,250
BYD_ATTO3,PRO,2027-W33,200
BYD_ATTO3,ONL,2027-W33,50
TESLA_M3,BKK,2027-W33,50
TESLA_M3,PRO,2027-W33,40
TESLA_M3,ONL,2027-W33,10
BYD_ATTO3,BKK,2027-W34,250
BYD_ATTO3,PRO,2027-W34,200
BYD_ATTO3,ONL,2027-W34,50
TESLA_M3,BKK,2027-W34,50
TESLA_M3,PRO,2027-W34,40
TESLA_M3,ONL,2027-W34,10
BYD_ATTO3,BKK,2027-W35,250
BYD_ATTO3,PRO,2027-W35,200
BYD_ATTO3,ONL,2027-W35,50
TESLA_M3,BKK,2027-W35,50
TESLA_M3,PRO,2027-W35,40
TESLA_M3,ONL,2027-W35,10
BYD_ATTO3,BKK,2027-W36,250
BYD_ATTO3,PRO,2027-W36,200
BYD_ATTO3,ONL,2027-W36,50
TESLA_M3,BKK,2027-W36,50
TESLA_M3,PRO,2027-W36,40
TESLA_M3,ONL,2027-W36,10
BYD_ATTO3,BKK,2027-W37,250
BYD_ATTO3,PRO,2027-W37,200
BYD_ATTO3,ONL,2027-W37,50
TESLA_M3,BKK,2027-W37,50
TESLA_M3,PRO,2027-W37,40
TESLA_M3,ONL,2027-W37,10
BYD_ATTO3,BKK,2027-W38,250
BYD_ATTO3,PRO,2027-W38,200
BYD_ATTO3,ONL,2027-W38,50
TESLA_M3,BKK,2027-W38,50
TESLA_M3,PRO,2027-W38,40
TESLA_M3,ONL,2027-W38,10
BYD_ATTO3,BKK,2027-W39,250
BYD_ATTO3,PRO,2027-W39,200
BYD_ATTO3,ONL,2027-W39,50
TESLA_M3,BKK,2027-W39,50
TESLA_M3,PRO,2027-W39,40
TESLA_M3,ONL,2027-W39,10
BYD_ATTO3,BKK,2027-W40,250
BYD_ATTO3,PRO,2027-W40,200
BYD_ATTO3,ONL,2027-W40,50
TESLA_M3,BKK,2027-W40,50
TESLA_M3,PRO,2027-W40,40
TESLA_M3,ONL,2027-W40,10
BYD_ATTO3,BKK,2027-W41,250
BYD_ATTO3,PRO,2027-W41,200
BYD_ATTO3,ONL,2027-W41,50
TESLA_M3,BKK,2027-W41,50
TESLA_M3,PRO,2027-W41,40
TESLA_M3,ONL,2027-W41,10
BYD_ATTO3,BKK,2027-W42,250
BYD_ATTO3,PRO,2027-W42,200
BYD_ATTO3,ONL,2027-W42,50
TESLA_M3,BKK,2027-W42,50
TESLA_M3,PRO,2027-W42,40
TESLA_M3,ONL,2027-W42,10
BYD_ATTO3,BKK,2027-W43,250
BYD_ATTO3,PRO,2027-W43,200
BYD_ATTO3,ONL,2027-W43,50
TESLA_M3,BKK,2027-W43,50
TESLA_M3,PRO,2027-W43,40
TESLA_M3,ONL,2027-W43,10
BYD_ATTO3,BKK,2027-W44,250
BYD_ATTO3,PRO,2027-W44,200
BYD_ATTO3,ONL,2027-W44,50
TESLA_M3,BKK,2027-W44,50
TESLA_M3,PRO,2027-W44,40
TESLA_M3,ONL,2027-W44,10
BYD_ATTO3,BKK,2027-W45,250
BYD_ATTO3,PRO,2027-W45,200
BYD_ATTO3,ONL,2027-W45,50
TESLA_M3,BKK,2027-W45,50
TESLA_M3,PRO,2027-W45,40
TESLA_M3,ONL,2027-W45,10
BYD_ATTO3,BKK,2027-W46,250
BYD_ATTO3,PRO,2027-W46,200
BYD_ATTO3,ONL,2027-W46,50
TESLA_M3,BKK,2027-W46,50
TESLA_M3,PRO,2027-W46,40
TESLA_M3,ONL,2027-W46,10
BYD_ATTO3,BKK,2027-W47,250
BYD_ATTO3,PRO,2027-W47,200
BYD_ATTO3,ONL,2027-W47,50
TESLA_M3,BKK,2027-W47,50
TESLA_M3,PRO,2027-W47,40
TESLA_M3,ONL,2027-W47,10
BYD_ATTO3,BKK,2027-W48,288
BYD_ATTO3,PRO,2027-W48,230
BYD_ATTO3,ONL,2027-W48,57
TESLA_M3,BKK,2027-W48,57
TESLA_M3,PRO,2027-W48,46
TESLA_M3,ONL,2027-W48,12
BYD_ATTO3,BKK,2027-W49,288
BYD_ATTO3,PRO,2027-W49,230
BYD_ATTO3,ONL,2027-W49,57
TESLA_M3,BKK,2027-W49,57
TESLA_M3,PRO,2027-W49,46
TESLA_M3,ONL,2027-W49,12
BYD_ATTO3,BKK,2027-W50,288
BYD_ATTO3,PRO,2027-W50,230
BYD_ATTO3,ONL,2027-W50,57
TESLA_M3,BKK,2027-W50,57
TESLA_M3,PRO,2027-W50,46
TESLA_M3,ONL,2027-W50,12
BYD_ATTO3,BKK,2027-W51,288
BYD_ATTO3,PRO,2027-W51,230
BYD_ATTO3,ONL,2027-W51,57
TESLA_M3,BKK,2027-W51,57
TESLA_M3,PRO,2027-W51,46
TESLA_M3,ONL,2027-W51,12
BYD_ATTO3,BKK,2027-W52,288
BYD_ATTO3,PRO,2027-W52,230
BYD_ATTO3,ONL,2027-W52,57
TESLA_M3,BKK,2027-W52,57
TESLA_M3,PRO,2027-W52,46
TESLA_M3,ONL,2027-W52,12
