sku_id,sku_name,region,uom,unit_cost,safety_stock_wks,lead_time_wks,order_multiple,max_order_qty,shelf_life_wks,active,selling_price,dso_wks,dpo_wks
SmartXPro,SmartX Pro,AMER,EA,450,2,8,100,0,0,True,999,45,60
SmartXPro,SmartX Pro,EMEA,EA,450,2,9,100,0,0,True,1099,45,60
SmartXPro,SmartX Pro,APAC,EA,450,2,7,100,0,0,True,949,45,60
SmartX,SmartX,AMER,EA,320,3,8,100,0,0,True,699,45,60
SmartX,SmartX,EMEA,EA,320,3,9,100,0,0,True,799,45,60
SmartX,SmartX,APAC,EA,320,3,7,100,0,0,True,649,45,60
SmartXNext,SmartX Next,AMER,EA,490,2,8,100,0,0,True,1099,45,60
SmartXNext,SmartX Next,EMEA,EA,490,2,9,100,0,0,True,1199,45,60
SmartXNext,SmartX Next,APAC,EA,490,2,7,100,0,0,True,1049,45,60
