sku_id,node_name,week,max_supply,source
Soy_Sauce,Bottling_Noda,2027-W01,1500,瓶詰 物理天井=3直21shift/週
Soy_Sauce,Brewing_Noda,2027-W01,1500,醸造 週次能力
Soy_Sauce,Materials_JP,2027-W01,50000,素材供給 実質無制約
Soy_Sauce,Bottling_Noda,2027-W02,1500,瓶詰 物理天井=3直21shift/週
Soy_Sauce,Brewing_Noda,2027-W02,1500,醸造 週次能力
Soy_Sauce,Materials_JP,2027-W02,50000,素材供給 実質無制約
Soy_Sauce,Bottling_Noda,2027-W03,1500,瓶詰 物理天井=3直21shift/週
Soy_Sauce,Brewing_Noda,2027-W03,1500,醸造 週次能力
Soy_Sauce,Materials_JP,2027-W03,50000,素材供給 実質無制約
Soy_Sauce,Bottling_Noda,2027-W04,1500,瓶詰 物理天井=3直21shift/週
Soy_Sauce,Brewing_Noda,2027-W04,1500,醸造 週次能力
Soy_Sauce,Materials_JP,2027-W04,50000,素材供給 実質無制約
Soy_Sauce,Bottling_Noda,2027-W05,1500,瓶詰 物理天井=3直21shift/週
Soy_Sauce,Brewing_Noda,2027-W05,1500,醸造 週次能力
Soy_Sauce,Materials_JP,2027-W05,50000,素材供給 実質無制約
Soy_Sauce,Bottling_Noda,2027-W06,1500,瓶詰 物理天井=3直21shift/週
Soy_Sauce,Brewing_Noda,2027-W06,1500,醸造 週次能力
Soy_Sauce,Materials_JP,2027-W06,50000,素材供給 実質無制約
Soy_Sauce,Bottling_Noda,2027-W07,1500,瓶詰 物理天井=3直21shift/週
Soy_Sauce,Brewing_Noda,2027-W07,1500,醸造 週次能力
Soy_Sauce,Materials_JP,2027-W07,50000,素材供給 実質無制約
Soy_Sauce,Bottling_Noda,2027-W08,1500,瓶詰 物理天井=3直21shift/週
Soy_Sauce,Brewing_Noda,2027-W08,1500,醸造 週次能力
Soy_Sauce,Materials_JP,2027-W08,50000,素材供給 実質無制約
Soy_Sauce,Bottling_Noda,2027-W09,1500,瓶詰 物理天井=3直21shift/週
Soy_Sauce,Brewing_Noda,2027-W09,1500,醸造 週次能力
Soy_Sauce,Materials_JP,2027-W09,50000,素材供給 実質無制約
Soy_Sauce,Bottling_Noda,2027-W10,1500,瓶詰 物理天井=3直21shift/週
Soy_Sauce,Brewing_Noda,2027-W10,1500,醸造 週次能力
Soy_Sauce,Materials_JP,2027-W10,50000,素材供給 実質無制約
Soy_Sauce,Bottling_Noda,2027-W11,1500,瓶詰 物理天井=3直21shift/週
Soy_Sauce,Brewing_Noda,2027-W11,1500,醸造 週次能力
Soy_Sauce,Materials_JP,2027-W11,50000,素材供給 実質無制約
Soy_Sauce,Bottling_Noda,2027-W12,1500,瓶詰 物理天井=3直21shift/週
Soy_Sauce,Brewing_Noda,2027-W12,1500,醸造 週次能力
Soy_Sauce,Materials_JP,2027-W12,50000,素材供給 実質無制約
Soy_Sauce,Bottling_Noda,2027-W13,1500,瓶詰 物理天井=3直21shift/週
Soy_Sauce,Brewing_Noda,2027-W13,1500,醸造 週次能力
Soy_Sauce,Materials_JP,2027-W13,50000,素材供給 実質無制約
Soy_Sauce,Bottling_Noda,2027-W14,1500,瓶詰 物理天井=3直21shift/週
Soy_Sauce,Brewing_Noda,2027-W14,1500,醸造 週次能力
Soy_Sauce,Materials_JP,2027-W14,50000,素材供給 実質無制約
Soy_Sauce,Bottling_Noda,2027-W15,1500,瓶詰 物理天井=3直21shift/週
Soy_Sauce,Brewing_Noda,2027-W15,1500,醸造 週次能力
Soy_Sauce,Materials_JP,2027-W15,50000,素材供給 実質無制約
Soy_Sauce,Bottling_Noda,2027-W16,1500,瓶詰 物理天井=3直21shift/週
Soy_Sauce,Brewing_Noda,2027-W16,1500,醸造 週次能力
Soy_Sauce,Materials_JP,2027-W16,50000,素材供給 実質無制約
Soy_Sauce,Bottling_Noda,2027-W17,1500,瓶詰 物理天井=3直21shift/週
Soy_Sauce,Brewing_Noda,2027-W17,1500,醸造 週次能力
Soy_Sauce,Materials_JP,2027-W17,50000,素材供給 実質無制約
Soy_Sauce,Bottling_Noda,2027-W18,1500,瓶詰 物理天井=3直21shift/週
Soy_Sauce,Brewing_Noda,2027-W18,1500,醸造 週次能力
Soy_Sauce,Materials_JP,2027-W18,50000,素材供給 実質無制約
Soy_Sauce,Bottling_Noda,2027-W19,1500,瓶詰 物理天井=3直21shift/週
Soy_Sauce,Brewing_Noda,2027-W19,1500,醸造 週次能力
Soy_Sauce,Materials_JP,2027-W19,50000,素材供給 実質無制約
Soy_Sauce,Bottling_Noda,2027-W20,1500,瓶詰 物理天井=3直21shift/週
Soy_Sauce,Brewing_Noda,2027-W20,1500,醸造 週次能力
Soy_Sauce,Materials_JP,2027-W20,50000,素材供給 実質無制約
Soy_Sauce,Bottling_Noda,2027-W21,1500,瓶詰 物理天井=3直21shift/週
Soy_Sauce,Brewing_Noda,2027-W21,1500,醸造 週次能力
Soy_Sauce,Materials_JP,2027-W21,50000,素材供給 実質無制約
Soy_Sauce,Bottling_Noda,2027-W22,1500,瓶詰 物理天井=3直21shift/週
Soy_Sauce,Brewing_Noda,2027-W22,1500,醸造 週次能力
Soy_Sauce,Materials_JP,2027-W22,50000,素材供給 実質無制約
Soy_Sauce,Bottling_Noda,2027-W23,1500,瓶詰 物理天井=3直21shift/週
Soy_Sauce,Brewing_Noda,2027-W23,1500,醸造 週次能力
Soy_Sauce,Materials_JP,2027-W23,50000,素材供給 実質無制約
Soy_Sauce,Bottling_Noda,2027-W24,1500,瓶詰 物理天井=3直21shift/週
Soy_Sauce,Brewing_Noda,2027-W24,1500,醸造 週次能力
Soy_Sauce,Materials_JP,2027-W24,50000,素材供給 実質無制約
Soy_Sauce,Bottling_Noda,2027-W25,1500,瓶詰 物理天井=3直21shift/週
Soy_Sauce,Brewing_Noda,2027-W25,1500,醸造 週次能力
Soy_Sauce,Materials_JP,2027-W25,50000,素材供給 実質無制約
Soy_Sauce,Bottling_Noda,2027-W26,1500,瓶詰 物理天井=3直21shift/週
Soy_Sauce,Brewing_Noda,2027-W26,1500,醸造 週次能力
Soy_Sauce,Materials_JP,2027-W26,50000,素材供給 実質無制約
Soy_Sauce,Bottling_Noda,2027-W27,1500,瓶詰 物理天井=3直21shift/週
Soy_Sauce,Brewing_Noda,2027-W27,1500,醸造 週次能力
Soy_Sauce,Materials_JP,2027-W27,50000,素材供給 実質無制約
Soy_Sauce,Bottling_Noda,2027-W28,1500,瓶詰 物理天井=3直21shift/週
Soy_Sauce,Brewing_Noda,2027-W28,1500,醸造 週次能力
Soy_Sauce,Materials_JP,2027-W28,50000,素材供給 実質無制約
Soy_Sauce,Bottling_Noda,2027-W29,1500,瓶詰 物理天井=3直21shift/週
Soy_Sauce,Brewing_Noda,2027-W29,1500,醸造 週次能力
Soy_Sauce,Materials_JP,2027-W29,50000,素材供給 実質無制約
Soy_Sauce,Bottling_Noda,2027-W30,1500,瓶詰 物理天井=3直21shift/週
Soy_Sauce,Brewing_Noda,2027-W30,1500,醸造 週次能力
Soy_Sauce,Materials_JP,2027-W30,50000,素材供給 実質無制約
Soy_Sauce,Bottling_Noda,2027-W31,1500,瓶詰 物理天井=3直21shift/週
Soy_Sauce,Brewing_Noda,2027-W31,1500,醸造 週次能力
Soy_Sauce,Materials_JP,2027-W31,50000,素材供給 実質無制約
Soy_Sauce,Bottling_Noda,2027-W32,1500,瓶詰 物理天井=3直21shift/週
Soy_Sauce,Brewing_Noda,2027-W32,1500,醸造 週次能力
Soy_Sauce,Materials_JP,2027-W32,50000,素材供給 実質無制約
Soy_Sauce,Bottling_Noda,2027-W33,1500,瓶詰 物理天井=3直21shift/週
Soy_Sauce,Brewing_Noda,2027-W33,1500,醸造 週次能力
Soy_Sauce,Materials_JP,2027-W33,50000,素材供給 実質無制約
Soy_Sauce,Bottling_Noda,2027-W34,1500,瓶詰 物理天井=3直21shift/週
Soy_Sauce,Brewing_Noda,2027-W34,1500,醸造 週次能力
Soy_Sauce,Materials_JP,2027-W34,50000,素材供給 実質無制約
Soy_Sauce,Bottling_Noda,2027-W35,1500,瓶詰 物理天井=3直21shift/週
Soy_Sauce,Brewing_Noda,2027-W35,1500,醸造 週次能力
Soy_Sauce,Materials_JP,2027-W35,50000,素材供給 実質無制約
Soy_Sauce,Bottling_Noda,2027-W36,1500,瓶詰 物理天井=3直21shift/週
Soy_Sauce,Brewing_Noda,2027-W36,1500,醸造 週次能力
Soy_Sauce,Materials_JP,2027-W36,50000,素材供給 実質無制約
Soy_Sauce,Bottling_Noda,2027-W37,1500,瓶詰 物理天井=3直21shift/週
Soy_Sauce,Brewing_Noda,2027-W37,1500,醸造 週次能力
Soy_Sauce,Materials_JP,2027-W37,50000,素材供給 実質無制約
Soy_Sauce,Bottling_Noda,2027-W38,1500,瓶詰 物理天井=3直21shift/週
Soy_Sauce,Brewing_Noda,2027-W38,1500,醸造 週次能力
Soy_Sauce,Materials_JP,2027-W38,50000,素材供給 実質無制約
Soy_Sauce,Bottling_Noda,2027-W39,1500,瓶詰 物理天井=3直21shift/週
Soy_Sauce,Brewing_Noda,2027-W39,1500,醸造 週次能力
Soy_Sauce,Materials_JP,2027-W39,50000,素材供給 実質無制約
Soy_Sauce,Bottling_Noda,2027-W40,1500,瓶詰 物理天井=3直21shift/週
Soy_Sauce,Brewing_Noda,2027-W40,1500,醸造 週次能力
Soy_Sauce,Materials_JP,2027-W40,50000,素材供給 実質無制約
Soy_Sauce,Bottling_Noda,2027-W41,1500,瓶詰 物理天井=3直21shift/週
Soy_Sauce,Brewing_Noda,2027-W41,1500,醸造 週次能力
Soy_Sauce,Materials_JP,2027-W41,50000,素材供給 実質無制約
Soy_Sauce,Bottling_Noda,2027-W42,1500,瓶詰 物理天井=3直21shift/週
Soy_Sauce,Brewing_Noda,2027-W42,1500,醸造 週次能力
Soy_Sauce,Materials_JP,2027-W42,50000,素材供給 実質無制約
Soy_Sauce,Bottling_Noda,2027-W43,1500,瓶詰 物理天井=3直21shift/週
Soy_Sauce,Brewing_Noda,2027-W43,1500,醸造 週次能力
Soy_Sauce,Materials_JP,2027-W43,50000,素材供給 実質無制約
Soy_Sauce,Bottling_Noda,2027-W44,1500,瓶詰 物理天井=3直21shift/週
Soy_Sauce,Brewing_Noda,2027-W44,1500,醸造 週次能力
Soy_Sauce,Materials_JP,2027-W44,50000,素材供給 実質無制約
Soy_Sauce,Bottling_Noda,2027-W45,1500,瓶詰 物理天井=3直21shift/週
Soy_Sauce,Brewing_Noda,2027-W45,1500,醸造 週次能力
Soy_Sauce,Materials_JP,2027-W45,50000,素材供給 実質無制約
Soy_Sauce,Bottling_Noda,2027-W46,1500,瓶詰 物理天井=3直21shift/週
Soy_Sauce,Brewing_Noda,2027-W46,1500,醸造 週次能力
Soy_Sauce,Materials_JP,2027-W46,50000,素材供給 実質無制約
Soy_Sauce,Bottling_Noda,2027-W47,1500,瓶詰 物理天井=3直21shift/週
Soy_Sauce,Brewing_Noda,2027-W47,1500,醸造 週次能力
Soy_Sauce,Materials_JP,2027-W47,50000,素材供給 実質無制約
Soy_Sauce,Bottling_Noda,2027-W48,1500,瓶詰 物理天井=3直21shift/週
Soy_Sauce,Brewing_Noda,2027-W48,1500,醸造 週次能力
Soy_Sauce,Materials_JP,2027-W48,50000,素材供給 実質無制約
Soy_Sauce,Bottling_Noda,2027-W49,1500,瓶詰 物理天井=3直21shift/週
Soy_Sauce,Brewing_Noda,2027-W49,1500,醸造 週次能力
Soy_Sauce,Materials_JP,2027-W49,50000,素材供給 実質無制約
Soy_Sauce,Bottling_Noda,2027-W50,1500,瓶詰 物理天井=3直21shift/週
Soy_Sauce,Brewing_Noda,2027-W50,1500,醸造 週次能力
Soy_Sauce,Materials_JP,2027-W50,50000,素材供給 実質無制約
Soy_Sauce,Bottling_Noda,2027-W51,1500,瓶詰 物理天井=3直21shift/週
Soy_Sauce,Brewing_Noda,2027-W51,1500,醸造 週次能力
Soy_Sauce,Materials_JP,2027-W51,50000,素材供給 実質無制約
Soy_Sauce,Bottling_Noda,2027-W52,1500,瓶詰 物理天井=3直21shift/週
Soy_Sauce,Brewing_Noda,2027-W52,1500,醸造 週次能力
Soy_Sauce,Materials_JP,2027-W52,50000,素材供給 実質無制約
Soy_Sauce,Bottling_Noda,2028-W01,1500,瓶詰 物理天井=3直21shift/週
Soy_Sauce,Brewing_Noda,2028-W01,1500,醸造 週次能力
Soy_Sauce,Materials_JP,2028-W01,50000,素材供給 実質無制約
Soy_Sauce,Bottling_Noda,2028-W02,1500,瓶詰 物理天井=3直21shift/週
Soy_Sauce,Brewing_Noda,2028-W02,1500,醸造 週次能力
Soy_Sauce,Materials_JP,2028-W02,50000,素材供給 実質無制約
Soy_Sauce,Bottling_Noda,2028-W03,1500,瓶詰 物理天井=3直21shift/週
Soy_Sauce,Brewing_Noda,2028-W03,1500,醸造 週次能力
Soy_Sauce,Materials_JP,2028-W03,50000,素材供給 実質無制約
Soy_Sauce,Bottling_Noda,2028-W04,1500,瓶詰 物理天井=3直21shift/週
Soy_Sauce,Brewing_Noda,2028-W04,1500,醸造 週次能力
Soy_Sauce,Materials_JP,2028-W04,50000,素材供給 実質無制約
Soy_Sauce,Bottling_Noda,2028-W05,1500,瓶詰 物理天井=3直21shift/週
Soy_Sauce,Brewing_Noda,2028-W05,1500,醸造 週次能力
Soy_Sauce,Materials_JP,2028-W05,50000,素材供給 実質無制約
Soy_Sauce,Bottling_Noda,2028-W06,1500,瓶詰 物理天井=3直21shift/週
Soy_Sauce,Brewing_Noda,2028-W06,1500,醸造 週次能力
Soy_Sauce,Materials_JP,2028-W06,50000,素材供給 実質無制約
Soy_Sauce,Bottling_Noda,2028-W07,1500,瓶詰 物理天井=3直21shift/週
Soy_Sauce,Brewing_Noda,2028-W07,1500,醸造 週次能力
Soy_Sauce,Materials_JP,2028-W07,50000,素材供給 実質無制約
Soy_Sauce,Bottling_Noda,2028-W08,1500,瓶詰 物理天井=3直21shift/週
Soy_Sauce,Brewing_Noda,2028-W08,1500,醸造 週次能力
Soy_Sauce,Materials_JP,2028-W08,50000,素材供給 実質無制約
Soy_Sauce,Bottling_Noda,2028-W09,1500,瓶詰 物理天井=3直21shift/週
Soy_Sauce,Brewing_Noda,2028-W09,1500,醸造 週次能力
Soy_Sauce,Materials_JP,2028-W09,50000,素材供給 実質無制約
Soy_Sauce,Bottling_Noda,2028-W10,1500,瓶詰 物理天井=3直21shift/週
Soy_Sauce,Brewing_Noda,2028-W10,1500,醸造 週次能力
Soy_Sauce,Materials_JP,2028-W10,50000,素材供給 実質無制約
Soy_Sauce,Bottling_Noda,2028-W11,1500,瓶詰 物理天井=3直21shift/週
Soy_Sauce,Brewing_Noda,2028-W11,1500,醸造 週次能力
Soy_Sauce,Materials_JP,2028-W11,50000,素材供給 実質無制約
Soy_Sauce,Bottling_Noda,2028-W12,1500,瓶詰 物理天井=3直21shift/週
Soy_Sauce,Brewing_Noda,2028-W12,1500,醸造 週次能力
Soy_Sauce,Materials_JP,2028-W12,50000,素材供給 実質無制約
Soy_Sauce,Bottling_Noda,2028-W13,1500,瓶詰 物理天井=3直21shift/週
Soy_Sauce,Brewing_Noda,2028-W13,1500,醸造 週次能力
Soy_Sauce,Materials_JP,2028-W13,50000,素材供給 実質無制約
Soy_Sauce,Bottling_Noda,2028-W14,1500,瓶詰 物理天井=3直21shift/週
Soy_Sauce,Brewing_Noda,2028-W14,1500,醸造 週次能力
Soy_Sauce,Materials_JP,2028-W14,50000,素材供給 実質無制約
Soy_Sauce,Bottling_Noda,2028-W15,1500,瓶詰 物理天井=3直21shift/週
Soy_Sauce,Brewing_Noda,2028-W15,1500,醸造 週次能力
Soy_Sauce,Materials_JP,2028-W15,50000,素材供給 実質無制約
Soy_Sauce,Bottling_Noda,2028-W16,1500,瓶詰 物理天井=3直21shift/週
Soy_Sauce,Brewing_Noda,2028-W16,1500,醸造 週次能力
Soy_Sauce,Materials_JP,2028-W16,50000,素材供給 実質無制約
Soy_Sauce,Bottling_Noda,2028-W17,1500,瓶詰 物理天井=3直21shift/週
Soy_Sauce,Brewing_Noda,2028-W17,1500,醸造 週次能力
Soy_Sauce,Materials_JP,2028-W17,50000,素材供給 実質無制約
Soy_Sauce,Bottling_Noda,2028-W18,1500,瓶詰 物理天井=3直21shift/週
Soy_Sauce,Brewing_Noda,2028-W18,1500,醸造 週次能力
Soy_Sauce,Materials_JP,2028-W18,50000,素材供給 実質無制約
Soy_Sauce,Bottling_Noda,2028-W19,1500,瓶詰 物理天井=3直21shift/週
Soy_Sauce,Brewing_Noda,2028-W19,1500,醸造 週次能力
Soy_Sauce,Materials_JP,2028-W19,50000,素材供給 実質無制約
Soy_Sauce,Bottling_Noda,2028-W20,1500,瓶詰 物理天井=3直21shift/週
Soy_Sauce,Brewing_Noda,2028-W20,1500,醸造 週次能力
Soy_Sauce,Materials_JP,2028-W20,50000,素材供給 実質無制約
Soy_Sauce,Bottling_Noda,2028-W21,1500,瓶詰 物理天井=3直21shift/週
Soy_Sauce,Brewing_Noda,2028-W21,1500,醸造 週次能力
Soy_Sauce,Materials_JP,2028-W21,50000,素材供給 実質無制約
Soy_Sauce,Bottling_Noda,2028-W22,1500,瓶詰 物理天井=3直21shift/週
Soy_Sauce,Brewing_Noda,2028-W22,1500,醸造 週次能力
Soy_Sauce,Materials_JP,2028-W22,50000,素材供給 実質無制約
Soy_Sauce,Bottling_Noda,2028-W23,1500,瓶詰 物理天井=3直21shift/週
Soy_Sauce,Brewing_Noda,2028-W23,1500,醸造 週次能力
Soy_Sauce,Materials_JP,2028-W23,50000,素材供給 実質無制約
Soy_Sauce,Bottling_Noda,2028-W24,1500,瓶詰 物理天井=3直21shift/週
Soy_Sauce,Brewing_Noda,2028-W24,1500,醸造 週次能力
Soy_Sauce,Materials_JP,2028-W24,50000,素材供給 実質無制約
Soy_Sauce,Bottling_Noda,2028-W25,1500,瓶詰 物理天井=3直21shift/週
Soy_Sauce,Brewing_Noda,2028-W25,1500,醸造 週次能力
Soy_Sauce,Materials_JP,2028-W25,50000,素材供給 実質無制約
Soy_Sauce,Bottling_Noda,2028-W26,1500,瓶詰 物理天井=3直21shift/週
Soy_Sauce,Brewing_Noda,2028-W26,1500,醸造 週次能力
Soy_Sauce,Materials_JP,2028-W26,50000,素材供給 実質無制約
Soy_Sauce,Bottling_Noda,2028-W27,1500,瓶詰 物理天井=3直21shift/週
Soy_Sauce,Brewing_Noda,2028-W27,1500,醸造 週次能力
Soy_Sauce,Materials_JP,2028-W27,50000,素材供給 実質無制約
Soy_Sauce,Bottling_Noda,2028-W28,1500,瓶詰 物理天井=3直21shift/週
Soy_Sauce,Brewing_Noda,2028-W28,1500,醸造 週次能力
Soy_Sauce,Materials_JP,2028-W28,50000,素材供給 実質無制約
Soy_Sauce,Bottling_Noda,2028-W29,1500,瓶詰 物理天井=3直21shift/週
Soy_Sauce,Brewing_Noda,2028-W29,1500,醸造 週次能力
Soy_Sauce,Materials_JP,2028-W29,50000,素材供給 実質無制約
Soy_Sauce,Bottling_Noda,2028-W30,1500,瓶詰 物理天井=3直21shift/週
Soy_Sauce,Brewing_Noda,2028-W30,1500,醸造 週次能力
Soy_Sauce,Materials_JP,2028-W30,50000,素材供給 実質無制約
Soy_Sauce,Bottling_Noda,2028-W31,1500,瓶詰 物理天井=3直21shift/週
Soy_Sauce,Brewing_Noda,2028-W31,1500,醸造 週次能力
Soy_Sauce,Materials_JP,2028-W31,50000,素材供給 実質無制約
Soy_Sauce,Bottling_Noda,2028-W32,1500,瓶詰 物理天井=3直21shift/週
Soy_Sauce,Brewing_Noda,2028-W32,1500,醸造 週次能力
Soy_Sauce,Materials_JP,2028-W32,50000,素材供給 実質無制約
Soy_Sauce,Bottling_Noda,2028-W33,1500,瓶詰 物理天井=3直21shift/週
Soy_Sauce,Brewing_Noda,2028-W33,1500,醸造 週次能力
Soy_Sauce,Materials_JP,2028-W33,50000,素材供給 実質無制約
Soy_Sauce,Bottling_Noda,2028-W34,1500,瓶詰 物理天井=3直21shift/週
Soy_Sauce,Brewing_Noda,2028-W34,1500,醸造 週次能力
Soy_Sauce,Materials_JP,2028-W34,50000,素材供給 実質無制約
Soy_Sauce,Bottling_Noda,2028-W35,1500,瓶詰 物理天井=3直21shift/週
Soy_Sauce,Brewing_Noda,2028-W35,1500,醸造 週次能力
Soy_Sauce,Materials_JP,2028-W35,50000,素材供給 実質無制約
Soy_Sauce,Bottling_Noda,2028-W36,1500,瓶詰 物理天井=3直21shift/週
Soy_Sauce,Brewing_Noda,2028-W36,1500,醸造 週次能力
Soy_Sauce,Materials_JP,2028-W36,50000,素材供給 実質無制約
Soy_Sauce,Bottling_Noda,2028-W37,1500,瓶詰 物理天井=3直21shift/週
Soy_Sauce,Brewing_Noda,2028-W37,1500,醸造 週次能力
Soy_Sauce,Materials_JP,2028-W37,50000,素材供給 実質無制約
Soy_Sauce,Bottling_Noda,2028-W38,1500,瓶詰 物理天井=3直21shift/週
Soy_Sauce,Brewing_Noda,2028-W38,1500,醸造 週次能力
Soy_Sauce,Materials_JP,2028-W38,50000,素材供給 実質無制約
Soy_Sauce,Bottling_Noda,2028-W39,1500,瓶詰 物理天井=3直21shift/週
Soy_Sauce,Brewing_Noda,2028-W39,1500,醸造 週次能力
Soy_Sauce,Materials_JP,2028-W39,50000,素材供給 実質無制約
Soy_Sauce,Bottling_Noda,2028-W40,1500,瓶詰 物理天井=3直21shift/週
Soy_Sauce,Brewing_Noda,2028-W40,1500,醸造 週次能力
Soy_Sauce,Materials_JP,2028-W40,50000,素材供給 実質無制約
Soy_Sauce,Bottling_Noda,2028-W41,1500,瓶詰 物理天井=3直21shift/週
Soy_Sauce,Brewing_Noda,2028-W41,1500,醸造 週次能力
Soy_Sauce,Materials_JP,2028-W41,50000,素材供給 実質無制約
Soy_Sauce,Bottling_Noda,2028-W42,1500,瓶詰 物理天井=3直21shift/週
Soy_Sauce,Brewing_Noda,2028-W42,1500,醸造 週次能力
Soy_Sauce,Materials_JP,2028-W42,50000,素材供給 実質無制約
Soy_Sauce,Bottling_Noda,2028-W43,1500,瓶詰 物理天井=3直21shift/週
Soy_Sauce,Brewing_Noda,2028-W43,1500,醸造 週次能力
Soy_Sauce,Materials_JP,2028-W43,50000,素材供給 実質無制約
Soy_Sauce,Bottling_Noda,2028-W44,1500,瓶詰 物理天井=3直21shift/週
Soy_Sauce,Brewing_Noda,2028-W44,1500,醸造 週次能力
Soy_Sauce,Materials_JP,2028-W44,50000,素材供給 実質無制約
Soy_Sauce,Bottling_Noda,2028-W45,1500,瓶詰 物理天井=3直21shift/週
Soy_Sauce,Brewing_Noda,2028-W45,1500,醸造 週次能力
Soy_Sauce,Materials_JP,2028-W45,50000,素材供給 実質無制約
Soy_Sauce,Bottling_Noda,2028-W46,1500,瓶詰 物理天井=3直21shift/週
Soy_Sauce,Brewing_Noda,2028-W46,1500,醸造 週次能力
Soy_Sauce,Materials_JP,2028-W46,50000,素材供給 実質無制約
Soy_Sauce,Bottling_Noda,2028-W47,1500,瓶詰 物理天井=3直21shift/週
Soy_Sauce,Brewing_Noda,2028-W47,1500,醸造 週次能力
Soy_Sauce,Materials_JP,2028-W47,50000,素材供給 実質無制約
Soy_Sauce,Bottling_Noda,2028-W48,1500,瓶詰 物理天井=3直21shift/週
Soy_Sauce,Brewing_Noda,2028-W48,1500,醸造 週次能力
Soy_Sauce,Materials_JP,2028-W48,50000,素材供給 実質無制約
Soy_Sauce,Bottling_Noda,2028-W49,1500,瓶詰 物理天井=3直21shift/週
Soy_Sauce,Brewing_Noda,2028-W49,1500,醸造 週次能力
Soy_Sauce,Materials_JP,2028-W49,50000,素材供給 実質無制約
Soy_Sauce,Bottling_Noda,2028-W50,1500,瓶詰 物理天井=3直21shift/週
Soy_Sauce,Brewing_Noda,2028-W50,1500,醸造 週次能力
Soy_Sauce,Materials_JP,2028-W50,50000,素材供給 実質無制約
Soy_Sauce,Bottling_Noda,2028-W51,1500,瓶詰 物理天井=3直21shift/週
Soy_Sauce,Brewing_Noda,2028-W51,1500,醸造 週次能力
Soy_Sauce,Materials_JP,2028-W51,50000,素材供給 実質無制約
Soy_Sauce,Bottling_Noda,2028-W52,1500,瓶詰 物理天井=3直21shift/週
Soy_Sauce,Brewing_Noda,2028-W52,1500,醸造 週次能力
Soy_Sauce,Materials_JP,2028-W52,50000,素材供給 実質無制約
Soy_Sauce,Bottling_Noda,2026-W34,1500,warm-up 延長
Soy_Sauce,Brewing_Noda,2026-W34,1500,warm-up 延長
Soy_Sauce,Materials_JP,2026-W34,50000,warm-up 延長
Soy_Sauce,Bottling_Noda,2026-W35,1500,warm-up 延長
Soy_Sauce,Brewing_Noda,2026-W35,1500,warm-up 延長
Soy_Sauce,Materials_JP,2026-W35,50000,warm-up 延長
Soy_Sauce,Bottling_Noda,2026-W36,1500,warm-up 延長
Soy_Sauce,Brewing_Noda,2026-W36,1500,warm-up 延長
Soy_Sauce,Materials_JP,2026-W36,50000,warm-up 延長
Soy_Sauce,Bottling_Noda,2026-W37,1500,warm-up 延長
Soy_Sauce,Brewing_Noda,2026-W37,1500,warm-up 延長
Soy_Sauce,Materials_JP,2026-W37,50000,warm-up 延長
Soy_Sauce,Bottling_Noda,2026-W38,1500,warm-up 延長
Soy_Sauce,Brewing_Noda,2026-W38,1500,warm-up 延長
Soy_Sauce,Materials_JP,2026-W38,50000,warm-up 延長
Soy_Sauce,Bottling_Noda,2026-W39,1500,warm-up 延長
Soy_Sauce,Brewing_Noda,2026-W39,1500,warm-up 延長
Soy_Sauce,Materials_JP,2026-W39,50000,warm-up 延長
Soy_Sauce,Bottling_Noda,2026-W40,1500,warm-up 延長
Soy_Sauce,Brewing_Noda,2026-W40,1500,warm-up 延長
Soy_Sauce,Materials_JP,2026-W40,50000,warm-up 延長
Soy_Sauce,Bottling_Noda,2026-W41,1500,warm-up 延長
Soy_Sauce,Brewing_Noda,2026-W41,1500,warm-up 延長
Soy_Sauce,Materials_JP,2026-W41,50000,warm-up 延長
Soy_Sauce,Bottling_Noda,2026-W42,1500,warm-up 延長
Soy_Sauce,Brewing_Noda,2026-W42,1500,warm-up 延長
Soy_Sauce,Materials_JP,2026-W42,50000,warm-up 延長
Soy_Sauce,Bottling_Noda,2026-W43,1500,warm-up 延長
Soy_Sauce,Brewing_Noda,2026-W43,1500,warm-up 延長
Soy_Sauce,Materials_JP,2026-W43,50000,warm-up 延長
Soy_Sauce,Bottling_Noda,2026-W44,1500,warm-up 延長
Soy_Sauce,Brewing_Noda,2026-W44,1500,warm-up 延長
Soy_Sauce,Materials_JP,2026-W44,50000,warm-up 延長
Soy_Sauce,Bottling_Noda,2026-W45,1500,warm-up 延長
Soy_Sauce,Brewing_Noda,2026-W45,1500,warm-up 延長
Soy_Sauce,Materials_JP,2026-W45,50000,warm-up 延長
Soy_Sauce,Bottling_Noda,2026-W46,1500,warm-up 延長
Soy_Sauce,Brewing_Noda,2026-W46,1500,warm-up 延長
Soy_Sauce,Materials_JP,2026-W46,50000,warm-up 延長
Soy_Sauce,Bottling_Noda,2026-W47,1500,warm-up 延長
Soy_Sauce,Brewing_Noda,2026-W47,1500,warm-up 延長
Soy_Sauce,Materials_JP,2026-W47,50000,warm-up 延長
Soy_Sauce,Bottling_Noda,2026-W48,1500,warm-up 延長
Soy_Sauce,Brewing_Noda,2026-W48,1500,warm-up 延長
Soy_Sauce,Materials_JP,2026-W48,50000,warm-up 延長
Soy_Sauce,Bottling_Noda,2026-W49,1500,warm-up 延長
Soy_Sauce,Brewing_Noda,2026-W49,1500,warm-up 延長
Soy_Sauce,Materials_JP,2026-W49,50000,warm-up 延長
Soy_Sauce,Bottling_Noda,2026-W50,1500,warm-up 延長
Soy_Sauce,Brewing_Noda,2026-W50,1500,warm-up 延長
Soy_Sauce,Materials_JP,2026-W50,50000,warm-up 延長
Soy_Sauce,Bottling_Noda,2026-W51,1500,warm-up 延長
Soy_Sauce,Brewing_Noda,2026-W51,1500,warm-up 延長
Soy_Sauce,Materials_JP,2026-W51,50000,warm-up 延長
Soy_Sauce,Bottling_Noda,2026-W52,1500,warm-up 延長
Soy_Sauce,Brewing_Noda,2026-W52,1500,warm-up 延長
Soy_Sauce,Materials_JP,2026-W52,50000,warm-up 延長
Soy_Sauce,Bottling_Noda,2026-W53,1500,warm-up 延長
Soy_Sauce,Brewing_Noda,2026-W53,1500,warm-up 延長
Soy_Sauce,Materials_JP,2026-W53,50000,warm-up 延長
Soy_Sauce,Bottling_Noda,2026-W28,1500,warm-up 延長
Soy_Sauce,Brewing_Noda,2026-W28,1500,warm-up 延長
Soy_Sauce,Materials_JP,2026-W28,50000,warm-up 延長
Soy_Sauce,Bottling_Noda,2026-W29,1500,warm-up 延長
Soy_Sauce,Brewing_Noda,2026-W29,1500,warm-up 延長
Soy_Sauce,Materials_JP,2026-W29,50000,warm-up 延長
Soy_Sauce,Bottling_Noda,2026-W30,1500,warm-up 延長
Soy_Sauce,Brewing_Noda,2026-W30,1500,warm-up 延長
Soy_Sauce,Materials_JP,2026-W30,50000,warm-up 延長
Soy_Sauce,Bottling_Noda,2026-W31,1500,warm-up 延長
Soy_Sauce,Brewing_Noda,2026-W31,1500,warm-up 延長
Soy_Sauce,Materials_JP,2026-W31,50000,warm-up 延長
Soy_Sauce,Bottling_Noda,2026-W32,1500,warm-up 延長
Soy_Sauce,Brewing_Noda,2026-W32,1500,warm-up 延長
Soy_Sauce,Materials_JP,2026-W32,50000,warm-up 延長
Soy_Sauce,Bottling_Noda,2026-W33,1500,warm-up 延長
Soy_Sauce,Brewing_Noda,2026-W33,1500,warm-up 延長
Soy_Sauce,Materials_JP,2026-W33,50000,warm-up 延長
